Crime ID,Month,Reported by,Falls within,Longitude,Latitude,Location,LSOA code,LSOA name,Crime type,Last outcome category,Context
59263678a3b555ff49b56c8139a50ae7d726319ad116967f8f7af5f360616670,2021-03,City of London Police,City of London Police,-0.126375,51.531512,On or near Shopping Area,E01000953,Camden 022B,Violence and sexual offences,Status update unavailable,
b76e47ab9e47e04e113d39a07e5d98ebe26573e2e59c8776565ca6d9afe0bab0,2021-03,City of London Police,City of London Police,-0.109582,51.522017,On or near Clerkenwell Road,E01000916,Camden 027B,Drugs,Status update unavailable,
eb03022d768846e0205cb1085ac26f657d522b5d391779b2e1b13e7118b89014,2021-03,City of London Police,City of London Police,-0.109582,51.522017,On or near Clerkenwell Road,E01000916,Camden 027B,Possession of weapons,Status update unavailable,
cb8731ed3a2baf3ea4bb652a2049b3bc407dbbf73d19ee28a99fc81891788d14,2021-03,City of London Police,City of London Police,-0.111497,51.518226,On or near Pedestrian Subway,E01000914,Camden 028B,Burglary,Investigation complete; no suspect identified,
51e6cadbbe32c9edcd77d9be18ab0bf0e133e07d026b54e2965794da2b63f239,2021-03,City of London Police,City of London Police,-0.111497,51.518226,On or near Pedestrian Subway,E01000914,Camden 028B,Other theft,Investigation complete; no suspect identified,
62b565a439f7bf5acd318f79b262d6a6ca41ebfe50424d47aefa6e74c63cc447,2021-03,City of London Police,City of London Police,-0.097053,51.518262,On or near Aldersgate Street,E01000001,City of London 001A,Criminal damage and arson,Investigation complete; no suspect identified,
5cd07544817d05f837b048d538eb813230942b8ec41ec9187d2e3a6ba9c020d5,2021-03,City of London Police,City of London Police,-0.098642,51.517146,On or near Little Britain,E01000001,City of London 001A,Drugs,Offender given a drugs possession warning,
489380af4ffec87b49eaeff5fa86c66db051a5b423ed5b809204a06ebffc7e9b,2021-03,City of London Police,City of London Police,-0.097334,51.521567,On or near Fann Street,E01000001,City of London 001A,Drugs,Status update unavailable,
ba9414ad3a0176dbb8d936a87607b158baf13edaf3e0885c474233f3c3be0211,2021-03,City of London Police,City of London Police,-0.098023,51.519905,On or near Long Lane,E01000001,City of London 001A,Other theft,Status update unavailable,
49fc0047c84b6aaed8f8b2bfba048228375171a7d387a043746ec27777deb7d7,2021-03,City of London Police,City of London Police,-0.098572,51.516767,On or near King Edward Street,E01000001,City of London 001A,Theft from the person,Investigation complete; no suspect identified,
e00ccfd3eb09b62979e5be4d698fe69862e2440ac6eca870499fceecebbd9db7,2021-03,City of London Police,City of London Police,-0.097053,51.518262,On or near Aldersgate Street,E01000001,City of London 001A,Vehicle crime,Investigation complete; no suspect identified,
951f65222d068e646424c66f16f633aff81f1c71cc8ec9678034e5e24c8bb583,2021-03,City of London Police,City of London Police,-0.097053,51.518262,On or near Aldersgate Street,E01000001,City of London 001A,Vehicle crime,Investigation complete; no suspect identified,
1e223f4105fec0e55ed87775cf62f7be8b7b9f2c79977f406a853725e755c1bc,2021-03,City of London Police,City of London Police,-0.097736,51.520206,On or near Conference/Exhibition Centre,E01000001,City of London 001A,Violence and sexual offences,Further investigation is not in the public interest,
,2021-03,City of London Police,City of London Police,-0.091649,51.518938,On or near Park/Open Space,E01000002,City of London 001B,Anti-social behaviour,,
,2021-03,City of London Police,City of London Police,-0.094546,51.520658,On or near Beech Street,E01000002,City of London 001B,Anti-social behaviour,,
,2021-03,City of London Police,City of London Police,-0.093933,51.519812,On or near Conference/Exhibition Centre,E01000002,City of London 001B,Anti-social behaviour,,
,2021-03,City of London Police,City of London Police,-0.092628,51.517920,On or near St Alphage Garden,E01000002,City of London 001B,Anti-social behaviour,,
,2021-03,City of London Police,City of London Police,-0.091649,51.518938,On or near Park/Open Space,E01000002,City of London 001B,Anti-social behaviour,,
b8e6cded1e9009c2c035a579ac2a97ffcfa9cd7a9e9b93315ca4971de95ba095,2021-03,City of London Police,City of London Police,-0.093948,51.518077,On or near Monkwell Square,E01000002,City of London 001B,Burglary,Investigation complete; no suspect identified,
32474125a1055fe4ad8dd80b9fa34d4bda99ed02249d51fb23dd168085e349a3,2021-03,City of London Police,City of London Police,-0.090348,51.519358,On or near Moor Lane,E01000002,City of London 001B,Burglary,Investigation complete; no suspect identified,
31eec6b2fd59dc0382212f90da70d12611f2f186f4c6293149d3d7325df25be4,2021-03,City of London Police,City of London Police,-0.093030,51.517612,On or near Parking Area,E01000002,City of London 001B,Criminal damage and arson,Investigation complete; no suspect identified,
bc835fb9ff85abd7136d12c9444a001fd426587ca28d541cf50c88e1637dae8e,2021-03,City of London Police,City of London Police,-0.094094,51.515606,On or near Gresham Street,E01000002,City of London 001B,Drugs,Court result unavailable,
8cd015b06b6c61ba2c19e509f3e696436db57de114cff2ce9a64ac9fc87fbf5b,2021-03,City of London Police,City of London Police,-0.093948,51.518077,On or near Monkwell Square,E01000002,City of London 001B,Other theft,Status update unavailable,
acd93a3dac185873068b2a69b6ce188ebae0bb107a0cd7dc856761d7de7f6943,2021-03,City of London Police,City of London Police,-0.088621,51.518619,On or near Moorfields,E01000002,City of London 001B,Shoplifting,Investigation complete; no suspect identified,
d14bf6a832c89b6baaba465cf1f3badc650b00b0527c17794a700062ce29b4ef,2021-03,City of London Police,City of London Police,-0.088621,51.518619,On or near Moorfields,E01000002,City of London 001B,Shoplifting,Investigation complete; no suspect identified,
49bd2c468bbf4fa86fcd4a65409b56a059fcb11bafff5b9ea901a548a6753522,2021-03,City of London Police,City of London Police,-0.088621,51.518619,On or near Moorfields,E01000002,City of London 001B,Shoplifting,Status update unavailable,
3eb4a00c1684c042f15f3f7e961c32f3ff0511ef0c77910d559266e8bef98c7b,2021-03,City of London Police,City of London Police,-0.094094,51.515606,On or near Gresham Street,E01000002,City of London 001B,Theft from the person,Investigation complete; no suspect identified,
a76cfa9900e45f8f297dc1e8f4a1ec887be5b262d639052e76a5f38f529e5515,2021-03,City of London Police,City of London Police,-0.089596,51.518743,On or near New Union Street,E01000002,City of London 001B,Vehicle crime,Investigation complete; no suspect identified,
430974a27cc2ccc4789e5ca014a8c3fc508a86bce36f5d8cae93a824f524ab9d,2021-03,City of London Police,City of London Police,-0.088621,51.518619,On or near Moorfields,E01000002,City of London 001B,Violence and sexual offences,Investigation complete; no suspect identified,
9e13b3904c987b24ff12e6e7cc5e20e150580097236646a064a64de641451891,2021-03,City of London Police,City of London Police,-0.091649,51.518938,On or near Park/Open Space,E01000002,City of London 001B,Other crime,Investigation complete; no suspect identified,
,2021-03,City of London Police,City of London Police,-0.094033,51.520875,On or near Shopping Area,E01000003,City of London 001C,Anti-social behaviour,,
,2021-03,City of London Police,City of London Police,-0.094033,51.520875,On or near Shopping Area,E01000003,City of London 001C,Anti-social behaviour,,
,2021-03,City of London Police,City of London Police,-0.094033,51.520875,On or near Shopping Area,E01000003,City of London 001C,Anti-social behaviour,,
,2021-03,City of London Police,City of London Police,-0.074793,51.511208,On or near Pedestrian Subway,E01000005,City of London 001E,Anti-social behaviour,,
,2021-03,City of London Police,City of London Police,-0.075146,51.513435,On or near Bus/Coach Station,E01000005,City of London 001E,Anti-social behaviour,,
,2021-03,City of London Police,City of London Police,-0.073254,51.512856,On or near Mansell Street,E01000005,City of London 001E,Anti-social behaviour,,
,2021-03,City of London Police,City of London Police,-0.074793,51.511208,On or near Pedestrian Subway,E01000005,City of London 001E,Anti-social behaviour,,
12cdba9466f10104c87d7a026f8cf5bf5d0f59cda97f2fe85d0b160bfd7ddcbc,2021-03,City of London Police,City of London Police,-0.074896,51.514933,On or near Pedestrian Subway,E01000005,City of London 001E,Drugs,Offender given penalty notice,
526376b2c704a168bc2b5bcc930d88eaa8be6d9c85d8dba6a0632eb2f87bfccc,2021-03,City of London Police,City of London Police,-0.076095,51.512462,On or near Vine Street,E01000005,City of London 001E,Drugs,Offender given a drugs possession warning,
6d3c1524062537bf8af962bfc9efb88a9a6bec8ed1e185623fce2bd8239cebcb,2021-03,City of London Police,City of London Police,-0.073254,51.512856,On or near Mansell Street,E01000005,City of London 001E,Drugs,Court result unavailable,
ae82267dc395d5edc64b7293b3781cfa979c35c327005298a1a124d568c6193e,2021-03,City of London Police,City of London Police,-0.076095,51.512462,On or near Vine Street,E01000005,City of London 001E,Drugs,Status update unavailable,
fcc777a9806932f6843c0515391e626f7903e49836cc8319be6b9d3edcdd5a9c,2021-03,City of London Police,City of London Police,-0.076435,51.513627,On or near Aldgate,E01000005,City of London 001E,Drugs,Offender given a drugs possession warning,
36283832ee455f36d7fadc0993ccf9d2194eec8f59c19bdbe06fd3cbe4e73292,2021-03,City of London Police,City of London Police,-0.075722,51.511053,On or near Crescent,E01000005,City of London 001E,Drugs,Offender given a caution,
c0d58403e05460d8e2818f89f0b2552898fbcd459e6c15b2b14c97dc972cde1a,2021-03,City of London Police,City of London Police,-0.075722,51.511053,On or near Crescent,E01000005,City of London 001E,Drugs,Awaiting court outcome,
0293998eb9abf2e653675d45abe5b656aae1bf52f1ef4b821b0b0a664a70bb16,2021-03,City of London Police,City of London Police,-0.075722,51.511053,On or near Crescent,E01000005,City of London 001E,Other theft,Awaiting court outcome,
e43beeb111b5f5de8a1dbabb0a570c5c57785f6bef17e1c5096a4be7ba750613,2021-03,City of London Police,City of London Police,-0.076270,51.515504,On or near Gravel Lane,E01000005,City of London 001E,Other theft,Investigation complete; no suspect identified,
c0fe8f9a0d601c3b125f0f670dcd49225194a626247ff7c3612a7ab8b97e770c,2021-03,City of London Police,City of London Police,-0.076270,51.515504,On or near Gravel Lane,E01000005,City of London 001E,Other theft,Unable to prosecute suspect,
95a1ff23bbdb9cd89ac00add70eff6e09d6d7264e025351b16903ef49eb32db6,2021-03,City of London Police,City of London Police,-0.076459,51.513061,On or near Further/Higher Educational Building,E01000005,City of London 001E,Public order,Awaiting court outcome,
d76ad3f2d9bf35e4479424d43ec94500d0e075067e937aec7fc97a27a643c9cf,2021-03,City of London Police,City of London Police,-0.076095,51.512462,On or near Vine Street,E01000005,City of London 001E,Public order,Status update unavailable,
5c76767c262564c46401d2a3ed7c457c31ab42e952b4a9ed50ebfd0118e1bc6c,2021-03,City of London Police,City of London Police,-0.075722,51.511053,On or near Crescent,E01000005,City of London 001E,Public order,Status update unavailable,
87bae5f21e339222a46b6687259d3fa82caf912f05f09d130d1606fec8ac7ef7,2021-03,City of London Police,City of London Police,-0.074958,51.514151,On or near Aldgate High Street,E01000005,City of London 001E,Public order,Investigation complete; no suspect identified,
791d30ab3fc601df0aceaa76b0933d08e5171e2dc24ce730b953a041046e7004,2021-03,City of London Police,City of London Police,-0.076095,51.512462,On or near Vine Street,E01000005,City of London 001E,Public order,Status update unavailable,
a0423dfcea7538e812ee4e2e5adf194180a19424e331cb4ac769a06e6ee4c420,2021-03,City of London Police,City of London Police,-0.076592,51.514367,On or near Pedestrian Subway,E01000005,City of London 001E,Shoplifting,Local resolution,
4585d39757bad1f5ba95c5f12024cee685a1901d059b6017da89507db8e111d9,2021-03,City of London Police,City of London Police,-0.075508,51.514763,On or near Pedestrian Subway,E01000005,City of London 001E,Theft from the person,Status update unavailable,
30c7fb9fce3d23139cddc2189f52e6995051c7ab75c07ce2ec4d78129df0cd71,2021-03,City of London Police,City of London Police,-0.074793,51.511208,On or near Pedestrian Subway,E01000005,City of London 001E,Vehicle crime,Investigation complete; no suspect identified,
30c7fb9fce3d23139cddc2189f52e6995051c7ab75c07ce2ec4d78129df0cd71,2021-03,City of London Police,City of London Police,-0.075722,51.511053,On or near Crescent,E01000005,City of London 001E,Vehicle crime,Status update unavailable,
3d697efe643c4ba887fe7e923666b23b8443e2e7a8e5404f4f87a127670efa85,2021-03,City of London Police,City of London Police,-0.076435,51.513627,On or near Aldgate,E01000005,City of London 001E,Violence and sexual offences,Investigation complete; no suspect identified,
88d122aad60a8ad6337b66352fd061e45a6f6ffbe7b7d779b4b0a568671c95f8,2021-03,City of London Police,City of London Police,-0.076095,51.512462,On or near Vine Street,E01000005,City of London 001E,Violence and sexual offences,Unable to prosecute suspect,
dd8caaf9bd2b222768e0634f7bbbbd5d65afe2f25d00f35160a9eb985ad0a9df,2021-03,City of London Police,City of London Police,-0.075508,51.514763,On or near Pedestrian Subway,E01000005,City of London 001E,Violence and sexual offences,Status update unavailable,
68c24d082ede660bb4cf35b33de6d97403e860d4a693dc34b665537fcd2805c7,2021-03,City of London Police,City of London Police,-0.076270,51.515504,On or near Gravel Lane,E01000005,City of London 001E,Violence and sexual offences,Unable to prosecute suspect,
1a3f8d5e7194df2ac04ad1f4c0ece6d95be558672bdb85bf6d99b37b2c0f2fd0,2021-03,City of London Police,City of London Police,-0.076270,51.515504,On or near Gravel Lane,E01000005,City of London 001E,Violence and sexual offences,Investigation complete; no suspect identified,
,2021-03,City of London Police,City of London Police,-0.081620,51.516814,On or near Alderman'S Walk,E01032739,City of London 001F,Anti-social behaviour,,
,2021-03,City of London Police,City of London Police,-0.102668,51.513560,On or near Ludgate Broadway,E01032739,City of London 001F,Anti-social behaviour,,
,2021-03,City of London Police,City of London Police,-0.089451,51.517032,On or near Bus/Coach Station,E01032739,City of London 001F,Anti-social behaviour,,
,2021-03,City of London Police,City of London Police,-0.086272,51.513114,On or near Birchin Lane,E01032739,City of London 001F,Anti-social behaviour,,
,2021-03,City of London Police,City of London Police,-0.096363,51.513377,On or near New Change,E01032739,City of London 001F,Anti-social behaviour,,
,2021-03,City of London Police,City of London Police,-0.092865,51.510182,On or near Parking Area,E01032739,City of London 001F,Anti-social behaviour,,
,2021-03,City of London Police,City of London Police,-0.101055,51.513552,On or near Creed Lane,E01032739,City of London 001F,Anti-social behaviour,,
,2021-03,City of London Police,City of London Police,-0.093791,51.509414,On or near Southwark Bridge Road,E01032739,City of London 001F,Anti-social behaviour,,
,2021-03,City of London Police,City of London Police,-0.097973,51.512108,On or near Distaff Lane,E01032739,City of London 001F,Anti-social behaviour,,
,2021-03,City of London Police,City of London Police,-0.093493,51.513447,On or near Bow Lane,E01032739,City of London 001F,Anti-social behaviour,,
,2021-03,City of London Police,City of London Police,-0.088727,51.513333,On or near Pedestrian Subway,E01032739,City of London 001F,Anti-social behaviour,,
,2021-03,City of London Police,City of London Police,-0.092865,51.510182,On or near Parking Area,E01032739,City of London 001F,Anti-social behaviour,,
,2021-03,City of London Police,City of London Police,-0.080376,51.517244,On or near Supermarket,E01032739,City of London 001F,Anti-social behaviour,,
,2021-03,City of London Police,City of London Police,-0.085833,51.513952,On or near Finch Lane,E01032739,City of London 001F,Anti-social behaviour,,
,2021-03,City of London Police,City of London Police,-0.096385,51.510787,On or near Gardners Lane,E01032739,City of London 001F,Anti-social behaviour,,
,2021-03,City of London Police,City of London Police,-0.101959,51.513297,On or near Carter Lane,E01032739,City of London 001F,Anti-social behaviour,,
,2021-03,City of London Police,City of London Police,-0.083993,51.511440,On or near Philpot Lane,E01032739,City of London 001F,Anti-social behaviour,,
,2021-03,City of London Police,City of London Police,-0.080234,51.516855,On or near Devonshire Row,E01032739,City of London 001F,Anti-social behaviour,,
,2021-03,City of London Police,City of London Police,-0.088042,51.511794,On or near Abchurch Lane,E01032739,City of London 001F,Anti-social behaviour,,
,2021-03,City of London Police,City of London Police,-0.081832,51.514507,On or near Undershaft,E01032739,City of London 001F,Anti-social behaviour,,
,2021-03,City of London Police,City of London Police,-0.087086,51.512596,On or near Lombard Street,E01032739,City of London 001F,Anti-social behaviour,,
,2021-03,City of London Police,City of London Police,-0.081832,51.514507,On or near Undershaft,E01032739,City of London 001F,Anti-social behaviour,,
,2021-03,City of London Police,City of London Police,-0.098777,51.512526,On or near Knightrider Street,E01032739,City of London 001F,Anti-social behaviour,,
,2021-03,City of London Police,City of London Police,-0.089716,51.514501,On or near Prince'S Street,E01032739,City of London 001F,Anti-social behaviour,,
,2021-03,City of London Police,City of London Police,-0.088203,51.518262,On or near Moorgate,E01032739,City of London 001F,Anti-social behaviour,,
,2021-03,City of London Police,City of London Police,-0.094758,51.512829,On or near Nightclub,E01032739,City of London 001F,Anti-social behaviour,,
,2021-03,City of London Police,City of London Police,-0.088203,51.518262,On or near Moorgate,E01032739,City of London 001F,Anti-social behaviour,,
,2021-03,City of London Police,City of London Police,-0.080376,51.517244,On or near Supermarket,E01032739,City of London 001F,Anti-social behaviour,,
,2021-03,City of London Police,City of London Police,-0.096814,51.512952,On or near St Paul'S Church Yard,E01032739,City of London 001F,Anti-social behaviour,,
,2021-03,City of London Police,City of London Police,-0.079613,51.517231,On or near New Street,E01032739,City of London 001F,Anti-social behaviour,,
,2021-03,City of London Police,City of London Police,-0.079613,51.517231,On or near New Street,E01032739,City of London 001F,Anti-social behaviour,,
,2021-03,City of London Police,City of London Police,-0.089698,51.511812,On or near Oxford Court,E01032739,City of London 001F,Anti-social behaviour,,
ba8c32c6babd872a7adf812b2af2c4edc307c7abba5ca4a3f6d9108edd45595a,2021-03,City of London Police,City of London Police,-0.094628,51.514203,On or near Cheapside,E01032739,City of London 001F,Bicycle theft,Investigation complete; no suspect identified,
1f13aacd20c82707c9a4fc283de77a1c995fd64758d44a1e448564ac6cd9e31b,2021-03,City of London Police,City of London Police,-0.082458,51.517431,On or near Liverpool Street,E01032739,City of London 001F,Bicycle theft,Investigation complete; no suspect identified,
c8fe7423c7ce5a765606ac14e2b55b72b0ab1153ae8ab339aaeef9b536bf3573,2021-03,City of London Police,City of London Police,-0.080146,51.514848,On or near Bury Court,E01032739,City of London 001F,Bicycle theft,Awaiting court outcome,
8f45a51d7a4ec3899921c803470dab49bc58321d863a17ef1f3c14c2e3cffada,2021-03,City of London Police,City of London Police,-0.101452,51.512650,On or near St Andrew'S Hill,E01032739,City of London 001F,Bicycle theft,Investigation complete; no suspect identified,
213468f4757440f2ec9c1d2ecc236bcc0311afb666ce1a1f52a41604c9e228e9,2021-03,City of London Police,City of London Police,-0.078856,51.518433,On or near Artillery Lane,E01032739,City of London 001F,Bicycle theft,Investigation complete; no suspect identified,
fa41a6db017ce0aafd86aff684683bd73cf343ad7d0df29879ea68e2fb3c407b,2021-03,City of London Police,City of London Police,-0.084284,51.510671,On or near Eastcheap,E01032739,City of London 001F,Bicycle theft,Status update unavailable,
dd8c6597e8445621c882009673e6ffb4d1bd17340642dc6e07d13d848ebc7954,2021-03,City of London Police,City of London Police,-0.080952,51.514528,On or near St Mary Axe,E01032739,City of London 001F,Bicycle theft,Awaiting court outcome,
fd5666b3f41117200ba04b54a836f34bcc1d2b9845aa7956d2f94a2f548c2744,2021-03,City of London Police,City of London Police,-0.101452,51.512650,On or near St Andrew'S Hill,E01032739,City of London 001F,Burglary,Investigation complete; no suspect identified,
3a04bbbde026963c36cbc36a30498d29ee67754bc786964e175b6540b34fe119,2021-03,City of London Police,City of London Police,-0.087760,51.517149,On or near London Wall,E01032739,City of London 001F,Burglary,Investigation complete; no suspect identified,
b7c350bc1b8a78e6a2f79d471b22b361b04af2140b946cd5d89bcfa9b7654e66,2021-03,City of London Police,City of London Police,-0.079444,51.512678,On or near Fenchurch Buildings,E01032739,City of London 001F,Criminal damage and arson,Investigation complete; no suspect identified,
e5a7991ba6da55b88b1bb6ca9186af8cc9e54ec4692a46a5a13d8f9c2690ee6b,2021-03,City of London Police,City of London Police,-0.084980,51.516078,On or near Great Winchester Street,E01032739,City of London 001F,Criminal damage and arson,Investigation complete; no suspect identified,
82ffbde24249a1fec537a50303d0d113edd7e78cd351e6bb90263d73c0feffb2,2021-03,City of London Police,City of London Police,-0.096363,51.513377,On or near New Change,E01032739,City of London 001F,Criminal damage and arson,Investigation complete; no suspect identified,
d0acea9e5b5b2331e0f1c595757b14d613b9449fd2054e15d8f6eb239dd86541,2021-03,City of London Police,City of London Police,-0.081620,51.516814,On or near Alderman'S Walk,E01032739,City of London 001F,Criminal damage and arson,Formal action is not in the public interest,
a88614606d9c19e404833469008570dc1a08d30cfc3a0d483efcf39dbfdd6f3a,2021-03,City of London Police,City of London Police,-0.086051,51.513569,On or near Finch Lane,E01032739,City of London 001F,Criminal damage and arson,Investigation complete; no suspect identified,
26118ea0adf7ce6833cd2b04fd86803fa41fab136a241ac8c9723d848391f1f9,2021-03,City of London Police,City of London Police,-0.086272,51.513114,On or near Birchin Lane,E01032739,City of London 001F,Criminal damage and arson,Status update unavailable,
b48263675447085494ec22a691a21ea619ab08e647384d6eec6a599837620eeb,2021-03,City of London Police,City of London Police,-0.092865,51.510182,On or near Parking Area,E01032739,City of London 001F,Criminal damage and arson,Investigation complete; no suspect identified,
f03e0fa125423bfc6e0d806c3d2dbf278a21e311abdaa05b426ef0e5b1ed83f1,2021-03,City of London Police,City of London Police,-0.093791,51.509414,On or near Southwark Bridge Road,E01032739,City of London 001F,Drugs,Offender given a drugs possession warning,
25975fc0a3e1ba217f77bf89e8065defbbfa57e6e956918098fff3c6914b3ead,2021-03,City of London Police,City of London Police,-0.087549,51.514276,On or near Bartholomew Lane,E01032739,City of London 001F,Drugs,Status update unavailable,
e5fb55b889b142e38ddfe66548fc627e1a812fe656150000a9372fd687f5846c,2021-03,City of London Police,City of London Police,-0.096900,51.510868,On or near Broken Wharf,E01032739,City of London 001F,Drugs,Status update unavailable,
2328732fbb7933ec9b1ad4b248326bf93ba43c68ef9870c59f1bc73b8f209068,2021-03,City of London Police,City of London Police,-0.096363,51.513377,On or near New Change,E01032739,City of London 001F,Drugs,Awaiting court outcome,
5aa42a401a2a8e95a1cc62376688f2b6ff4b4acf7bb456a9644d2d7165291ef9,2021-03,City of London Police,City of London Police,-0.088203,51.518262,On or near Moorgate,E01032739,City of London 001F,Drugs,Status update unavailable,
5bfbf03b933dc8ea09ba3d47dff3d731dedb28b69a2dc14c7dc04dd137677843,2021-03,City of London Police,City of London Police,-0.078484,51.517680,On or near Catherine Wheel Alley,E01032739,City of London 001F,Drugs,Offender given a drugs possession warning,
89828e735e9cbf3925646f51905bf2e6e69dcf99827a11b3385cc77e75289dd9,2021-03,City of London Police,City of London Police,-0.081549,51.511625,On or near Mincing Lane,E01032739,City of London 001F,Drugs,Offender given a drugs possession warning,
a2a483d838f5620521db57bf9611f32cf1cee2b138e73f6cf3f2058c93140ee0,2021-03,City of London Police,City of London Police,-0.088843,51.509532,On or near Parking Area,E01032739,City of London 001F,Drugs,Formal action is not in the public interest,
694a85223cc67ac340789e2d5470c672c4b76f27a108957702d26bd71a86d6c5,2021-03,City of London Police,City of London Police,-0.084768,51.512882,On or near Corbet Court,E01032739,City of London 001F,Drugs,Offender given a drugs possession warning,
7d299d06f9bb8ce2a3d3688f2db03b28b2775f64e13d5486abe1d67631c45544,2021-03,City of London Police,City of London Police,-0.092865,51.510182,On or near Parking Area,E01032739,City of London 001F,Drugs,Status update unavailable,
555303b8911789ee12cefc72f203d2f83630d65cb1ccdc5d21b5730fe1eab3d1,2021-03,City of London Police,City of London Police,-0.100632,51.515739,On or near Warwick Lane,E01032739,City of London 001F,Drugs,Court result unavailable,
257ee11bf73de4007129568ef8690b3948ef0c33d4ebd825bf8bdb966ba75e86,2021-03,City of London Police,City of London Police,-0.089451,51.517032,On or near Bus/Coach Station,E01032739,City of London 001F,Drugs,Offender given a drugs possession warning,
fd05814b50dabe933624e9a9613eb56a4f3a696cca045bb862ea1c169686d41e,2021-03,City of London Police,City of London Police,-0.086278,51.509876,On or near Fish Street Hill,E01032739,City of London 001F,Drugs,Status update unavailable,
7d70eda2840db8778453695e2d0465f5af826d460520a6acf9ca8c0f879e487f,2021-03,City of London Police,City of London Police,-0.077655,51.514088,On or near Pedestrian Subway,E01032739,City of London 001F,Drugs,Awaiting court outcome,
59359da72fcac4680e74378468ff39043701d4fe91abec5d688514f5d13344c6,2021-03,City of London Police,City of London Police,-0.084701,51.509320,On or near Lower Thames Street,E01032739,City of London 001F,Drugs,Status update unavailable,
647d2f59189fa7d1940e31630a439afa5e51c9ed8a626e65db199e1da59e9f28,2021-03,City of London Police,City of London Police,-0.089451,51.517032,On or near Bus/Coach Station,E01032739,City of London 001F,Drugs,Offender given a drugs possession warning,
4f8b2d6591efa8ded32e7c6facd39b4c5ec83269b7835144d5e9a98e239aaf52,2021-03,City of London Police,City of London Police,-0.104494,51.509848,On or near A201,E01032739,City of London 001F,Drugs,Offender given a caution,
aafdaa4188c3291b1465fc53161226d8d064b97ac09ba500b13a79ce73ffbed4,2021-03,City of London Police,City of London Police,-0.101274,51.512791,On or near St Andrew'S Hill,E01032739,City of London 001F,Drugs,Offender given a drugs possession warning,
a1797525fc014942fc74b2b991d90fe5167e80551a12f16b9bfbb988cde816a7,2021-03,City of London Police,City of London Police,-0.101274,51.512791,On or near St Andrew'S Hill,E01032739,City of London 001F,Drugs,Offender given a drugs possession warning,
ef8b79c4c972facbd08b1ef48a10fa1be7286e8cbbf547609998b56b1a46bd7e,2021-03,City of London Police,City of London Police,-0.079674,51.514409,On or near Bury Street,E01032739,City of London 001F,Drugs,Offender given a drugs possession warning,
b653694459bd91b40fc3cbcf50cacd13ec13e0365e972961719380b3574da516,2021-03,City of London Police,City of London Police,-0.081516,51.510014,On or near Great Tower Street,E01032739,City of London 001F,Drugs,Status update unavailable,
5bf8613e63ea1abf19a260308812fd2502d0c6a1093e8d7c1fe1456dc26d6188,2021-03,City of London Police,City of London Police,-0.092865,51.510182,On or near Parking Area,E01032739,City of London 001F,Drugs,Offender given a drugs possession warning,
545860417d6ed6cc4ae7fcd51ad2ed3dc71538063c30f3efcfe3ef497d7eae01,2021-03,City of London Police,City of London Police,-0.081620,51.516814,On or near Alderman'S Walk,E01032739,City of London 001F,Drugs,Offender given a caution,
34b3e0299faebcc3a597021a1aeb0678f0611cc54656c9d19c0b82be1644835f,2021-03,City of London Police,City of London Police,-0.089451,51.517032,On or near Bus/Coach Station,E01032739,City of London 001F,Drugs,Offender given a drugs possession warning,
9b5d82849d13a9d13d7b7c0d027c28efed8285d4c066ef9ee51f595590ca2f31,2021-03,City of London Police,City of London Police,-0.078484,51.517680,On or near Catherine Wheel Alley,E01032739,City of London 001F,Drugs,Court result unavailable,
b4c91a885b44a8e781c9bc4556fc946e95d9dd2b7f62bf17c6228e2893e4f752,2021-03,City of London Police,City of London Police,-0.086272,51.513114,On or near Birchin Lane,E01032739,City of London 001F,Drugs,Unable to prosecute suspect,
e2fac914c7d8834b10a00bfb514c1896b60ba0d1eb5c4f62e749063b024113f5,2021-03,City of London Police,City of London Police,-0.104494,51.509848,On or near A201,E01032739,City of London 001F,Drugs,Offender given a caution,
66c7e9f6fa6c9d944e338d2f575b7d082bfe9882906471939478c56452bf089e,2021-03,City of London Police,City of London Police,-0.088203,51.518262,On or near Moorgate,E01032739,City of London 001F,Drugs,Court result unavailable,
2436679b25d64c8382cee343c883961212759604b3f1f68f2a0406c95af6311c,2021-03,City of London Police,City of London Police,-0.080376,51.517244,On or near Supermarket,E01032739,City of London 001F,Drugs,Court result unavailable,
0bb299f6df435e5cdff2e81b4c45b2d746e462e09115d158448c111b4be5f065,2021-03,City of London Police,City of London Police,-0.104001,51.513051,On or near Apothecary Street,E01032739,City of London 001F,Drugs,Status update unavailable,
6e13b9bd2a35d437478402c198d888c18c7bde95451b983340fc4c4b16c13fda,2021-03,City of London Police,City of London Police,-0.081620,51.516814,On or near Alderman'S Walk,E01032739,City of London 001F,Drugs,Offender given a drugs possession warning,
4362e20a0bf0527aad955ded204ae974e005a914d57b0dc9a0f9dc6c1bb01d79,2021-03,City of London Police,City of London Police,-0.080318,51.520678,On or near Primrose Street,E01032739,City of London 001F,Other theft,Investigation complete; no suspect identified,
b2b42cdc2813067491516c476eab5d4175143c86cf0287607dd6b112cbf22a30,2021-03,City of London Police,City of London Police,-0.082571,51.514753,On or near Great St Helen'S,E01032739,City of London 001F,Other theft,Investigation complete; no suspect identified,
cd638ad04c43891370927b66521b32edd793d34ea21202e356841e2826b3821c,2021-03,City of London Police,City of London Police,-0.080952,51.514528,On or near St Mary Axe,E01032739,City of London 001F,Other theft,Investigation complete; no suspect identified,
84b49a97fc329b6580e06db35a4d00837f99521e02ac0aeb0135b34081a6fff6,2021-03,City of London Police,City of London Police,-0.082571,51.514753,On or near Great St Helen'S,E01032739,City of London 001F,Other theft,Investigation complete; no suspect identified,
7a3a3960ccd7d939acb215f20eba04127c95df8d44b9f77f583ef4cd4fef6bf1,2021-03,City of London Police,City of London Police,-0.083386,51.509757,On or near St Dunstan'S Lane,E01032739,City of London 001F,Other theft,Status update unavailable,
3a584d4480fbe7352f05626f42c286a0598223208e32f5f62e784db5e25dcb02,2021-03,City of London Police,City of London Police,-0.085669,51.515100,On or near Austin Friars,E01032739,City of London 001F,Other theft,Investigation complete; no suspect identified,
f39fe1f44490eb00a33eafcb6eb06ac0dd1ffb937b3c37796d66e0f253db6087,2021-03,City of London Police,City of London Police,-0.078924,51.508587,On or near Petty Wales,E01032739,City of London 001F,Other theft,Unable to prosecute suspect,
fd0f0fd53818111cab5ef22c2f9a2b09f0afcd769580bf1134c7dc8f5cc20337,2021-03,City of London Police,City of London Police,-0.090506,51.513524,On or near Poultry,E01032739,City of London 001F,Possession of weapons,Formal action is not in the public interest,
1aea7a37e40e9a623a5eb77e4f4a7cbb1d3dca83a978e7edd35de8fb4aad783d,2021-03,City of London Police,City of London Police,-0.104494,51.509848,On or near A201,E01032739,City of London 001F,Possession of weapons,Investigation complete; no suspect identified,
7e8c01c7435c7c21dbd99a5ae5787ab8258a7b5f39c506472a6f32bae01391d8,2021-03,City of London Police,City of London Police,-0.083386,51.509757,On or near St Dunstan'S Lane,E01032739,City of London 001F,Possession of weapons,Status update unavailable,
fafdce84740bdc668ad9c4732277023a4e6a31a90e4636fc56bf7164decd6c63,2021-03,City of London Police,City of London Police,-0.094628,51.514203,On or near Cheapside,E01032739,City of London 001F,Public order,Investigation complete; no suspect identified,
e0e253f90f0696bf3b09f80bed4f90e24bd6265607d5e9bb08244fa7a73d0c96,2021-03,City of London Police,City of London Police,-0.100179,51.514158,On or near Shopping Area,E01032739,City of London 001F,Public order,Court result unavailable,
c42685e3da51a43b4f13888f299ee87fb37bfb644e0539088ebb5180915a45eb,2021-03,City of London Police,City of London Police,-0.092077,51.512147,On or near Tower Royal,E01032739,City of London 001F,Public order,Investigation complete; no suspect identified,
49bd87841a009a6068ee25e1df680ce31810aa585799505ddbd2da56000628a7,2021-03,City of London Police,City of London Police,-0.089647,51.513384,On or near Queen Victoria Street,E01032739,City of London 001F,Public order,Awaiting court outcome,
a0ea9a04223ee46c5ceb4bd12e19e6b3348d6a0b3cf2c2845c3c7f9422978e12,2021-03,City of London Police,City of London Police,-0.094628,51.514203,On or near Cheapside,E01032739,City of London 001F,Public order,Awaiting court outcome,
8c97f0efedeb6d81c4e825ec45f05345883120d172d1265fb40f7e7f59085322,2021-03,City of London Police,City of London Police,-0.104001,51.513051,On or near Apothecary Street,E01032739,City of London 001F,Public order,Investigation complete; no suspect identified,
1cdf8f9f3489f719006ac31d7b5e30588a02a24d4f9468f92dc8e5356ba3ccff,2021-03,City of London Police,City of London Police,-0.081832,51.514507,On or near Undershaft,E01032739,City of London 001F,Public order,Status update unavailable,
6e4734863656dfa478d677dadaa880605c4b67bb3d33cfa834d1d74c9070315a,2021-03,City of London Police,City of London Police,-0.100822,51.511165,On or near Upper Thames Street,E01032739,City of London 001F,Public order,Investigation complete; no suspect identified,
d9d7db0ae4c62065cc62d31a429a2a74e11ed6e0dc2a1d50729eec7201bb27e4,2021-03,City of London Police,City of London Police,-0.086272,51.513114,On or near Birchin Lane,E01032739,City of London 001F,Public order,Status update unavailable,
c95f4c89a0d930d0a94f5709559855c6b12cbeb896dd18ce284e01369bb41760,2021-03,City of London Police,City of London Police,-0.089698,51.511812,On or near Oxford Court,E01032739,City of London 001F,Public order,Court result unavailable,
6677ea62cd0e1dec131c2b6f1dc168d94a9f0da873ef102e256ca4e8a94d38b8,2021-03,City of London Police,City of London Police,-0.096900,51.510868,On or near Broken Wharf,E01032739,City of London 001F,Public order,Unable to prosecute suspect,
04ddad7420f360febe6300877edee6d57cfa17ad04e408bc85e3e6b388ab5b64,2021-03,City of London Police,City of London Police,-0.086272,51.513114,On or near Birchin Lane,E01032739,City of London 001F,Public order,Status update unavailable,
5dafe870f6b9d47c9e1bba5d1b0641800e55b2f80123af2621b65beb28cd76a7,2021-03,City of London Police,City of London Police,-0.080376,51.517244,On or near Supermarket,E01032739,City of London 001F,Public order,Awaiting court outcome,
bc70b7364e7b472fc1384f49001137ab70f8b89597d239742607cb4ab0499fc8,2021-03,City of London Police,City of London Police,-0.092040,51.515087,On or near Gresham Street,E01032739,City of London 001F,Public order,Unable to prosecute suspect,
3e6e6a592a732364e566a456687e4fc8fc6f5a2014cb0751d04c3c38663ebc96,2021-03,City of London Police,City of London Police,-0.081549,51.511625,On or near Mincing Lane,E01032739,City of London 001F,Public order,Unable to prosecute suspect,
6c38480516629078ab26eda2cd36786c944ad133cd43760bf833eed917249335,2021-03,City of London Police,City of London Police,-0.099716,51.511435,On or near White Lion Hill,E01032739,City of London 001F,Public order,Status update unavailable,
2a9c11a7849709563a4d1218852dd7610bb4db5c6df51aca8ca1b0d9c833f0be,2021-03,City of London Police,City of London Police,-0.101055,51.513552,On or near Creed Lane,E01032739,City of London 001F,Public order,Investigation complete; no suspect identified,
d3199d8026e5ddccd7efba21e196c741a99f15c7ef0ba7cc63a18659e6b2b62b,2021-03,City of London Police,City of London Police,-0.101055,51.513552,On or near Creed Lane,E01032739,City of London 001F,Public order,Investigation complete; no suspect identified,
66a7ca6cc02fba95c160154004e1b594f5ab52e924abafda8d73c85f42070160,2021-03,City of London Police,City of London Police,-0.081620,51.516814,On or near Alderman'S Walk,E01032739,City of London 001F,Public order,Investigation complete; no suspect identified,
e8de9cd06df9d3dd45b837fa56c8c66d7cb6a33aaf6406f0c516a1eb1891def4,2021-03,City of London Police,City of London Police,-0.094231,51.511984,On or near Great Trinity Lane,E01032739,City of London 001F,Public order,Unable to prosecute suspect,
01b07ea49a9ad64f09ffcfb0ac22d8c6e8e576b8c7c63ff352ce1834ae91cb5c,2021-03,City of London Police,City of London Police,-0.101055,51.513552,On or near Creed Lane,E01032739,City of London 001F,Public order,Investigation complete; no suspect identified,
0ddd202b3523e92a082de56533fb2630c1546b316e73b0ed0256ded802fe414b,2021-03,City of London Police,City of London Police,-0.101055,51.513552,On or near Creed Lane,E01032739,City of London 001F,Public order,Investigation complete; no suspect identified,
8986ee16e493e9319c2677803f95fee5b84c1c6f10138571ac7a97b59bf4ab28,2021-03,City of London Police,City of London Police,-0.092077,51.512147,On or near Tower Royal,E01032739,City of London 001F,Public order,Unable to prosecute suspect,
d5a898e0ed5e570f4f2bde430224680ef9ff1e9c9443d6738e01b987f9fcd876,2021-03,City of London Police,City of London Police,-0.094628,51.514203,On or near Cheapside,E01032739,City of London 001F,Robbery,Investigation complete; no suspect identified,
a5b847c6b677d9884cd42fecd85e0d8fc5a64d1d0165365cdef5b3375e4fde2d,2021-03,City of London Police,City of London Police,-0.078994,51.514137,On or near Heneage Place,E01032739,City of London 001F,Robbery,Status update unavailable,
e8de9eaf1c55b9d8a77b98f5c5c1d0db4a54f5bb5eff49e83bf345e835720cc2,2021-03,City of London Police,City of London Police,-0.086624,51.511923,On or near Clement'S Lane,E01032739,City of London 001F,Robbery,Status update unavailable,
bac36f922789397dd304c7de9c568fac8aaa96e6dd30be5cdb9f4f9c9c8036ef,2021-03,City of London Police,City of London Police,-0.080376,51.517244,On or near Supermarket,E01032739,City of London 001F,Shoplifting,Court result unavailable,
cc3b22d4496e93ed7dc83646914e3762326341024eb0df72987a30b336fc6529,2021-03,City of London Police,City of London Police,-0.084618,51.512682,On or near Gracechurch Street,E01032739,City of London 001F,Shoplifting,Investigation complete; no suspect identified,
8db0c76bc8925ca357a5a59d7a35ea2f5034a1facda1627909bed71ada273468,2021-03,City of London Police,City of London Police,-0.081549,51.511625,On or near Mincing Lane,E01032739,City of London 001F,Shoplifting,Court result unavailable,
0449926e57a6441d126267a0466b508695619abcd0cc1b15d9dcdec0bd459b15,2021-03,City of London Police,City of London Police,-0.091720,51.513454,On or near Supermarket,E01032739,City of London 001F,Shoplifting,Investigation complete; no suspect identified,
8470727a2c7bf9036847b24733ecf60025257e5c4af590c16bec4db806590bad,2021-03,City of London Police,City of London Police,-0.096363,51.513377,On or near New Change,E01032739,City of London 001F,Shoplifting,Investigation complete; no suspect identified,
e9fa28ade0a44dddd4d182c50b1ecbaa270c9c2b521fc4be6fd987c44ef4110f,2021-03,City of London Police,City of London Police,-0.086166,51.510828,On or near Eastcheap,E01032739,City of London 001F,Shoplifting,Status update unavailable,
58ddb9310e59d85cbe209b9cdce9bc63f8ec32490153dd9fc82435b18e1e967b,2021-03,City of London Police,City of London Police,-0.094720,51.514420,On or near Wood Street,E01032739,City of London 001F,Shoplifting,Investigation complete; no suspect identified,
8b9166b760e3491e324c8c25fa0911b18079c01d06db4e0fb348279447d11724,2021-03,City of London Police,City of London Police,-0.080376,51.517244,On or near Supermarket,E01032739,City of London 001F,Shoplifting,Court result unavailable,
92aede946185719bcbb850e323ff2725dcd58bb71a2b84fb64c0931aa561e152,2021-03,City of London Police,City of London Police,-0.094720,51.514420,On or near Wood Street,E01032739,City of London 001F,Shoplifting,Investigation complete; no suspect identified,
478806afbffa181eb142063dfbdeca29dae919a78c066d4b292a6cda9c516b81,2021-03,City of London Police,City of London Police,-0.084967,51.512598,On or near Bell Inn Yard,E01032739,City of London 001F,Shoplifting,Court result unavailable,
399e3661ae047111612897217af55b592f6c7ee3a063c94eaa3bf69c84e4ddd5,2021-03,City of London Police,City of London Police,-0.080376,51.517244,On or near Supermarket,E01032739,City of London 001F,Shoplifting,Status update unavailable,
6430eda38c14659f6ba10d44109d82ec670bcd5bb3af21ca9bd6f2ed5dc561ee,2021-03,City of London Police,City of London Police,-0.084967,51.512598,On or near Bell Inn Yard,E01032739,City of London 001F,Shoplifting,Court result unavailable,
14b6db2c414594442c25171617c3f6f0c2e854b09cac40424575895fb660aca0,2021-03,City of London Police,City of London Police,-0.084983,51.510494,On or near Supermarket,E01032739,City of London 001F,Shoplifting,Court result unavailable,
16a21e4e07dc97a2dad21ead58e6fa1bc19fb6e9cd53c64d3873b98d5f7e0de8,2021-03,City of London Police,City of London Police,-0.088203,51.518262,On or near Moorgate,E01032739,City of London 001F,Shoplifting,Investigation complete; no suspect identified,
10083954fb066ac838c0ba6dddb59ac2062eecb6dceb5551dd2e97dd6e87b31e,2021-03,City of London Police,City of London Police,-0.083993,51.511440,On or near Philpot Lane,E01032739,City of London 001F,Shoplifting,Investigation complete; no suspect identified,
d2a05c35d547ebd607c1b5ffe88ffaa0db7f90e416e5f2af0942c620f7250b28,2021-03,City of London Police,City of London Police,-0.094720,51.514420,On or near Wood Street,E01032739,City of London 001F,Shoplifting,Unable to prosecute suspect,
00b1ca0e735c8f9e0d4b9fb4676fc329de92234e3956bbbd60c388d48ccbc257,2021-03,City of London Police,City of London Police,-0.080376,51.517244,On or near Supermarket,E01032739,City of London 001F,Shoplifting,Unable to prosecute suspect,
b4d1bde275bb8564e4c3e281919b38e0fdba50662e6e52fa736c6413ae349ee0,2021-03,City of London Police,City of London Police,-0.104244,51.512749,On or near New Bridge Street,E01032739,City of London 001F,Shoplifting,Court result unavailable,
4bb780cbb0b03c5b482b3d9917e6859bf849a3e6b03b9af804dd3d7cc68cf43f,2021-03,City of London Police,City of London Police,-0.086166,51.510828,On or near Eastcheap,E01032739,City of London 001F,Shoplifting,Investigation complete; no suspect identified,
eab7f5d85edcec5bf93b0ab98cde7c9ddb444785a2d07e16cf963ff30c2808e6,2021-03,City of London Police,City of London Police,-0.084983,51.510494,On or near Supermarket,E01032739,City of London 001F,Shoplifting,Court result unavailable,
9f2e27eb874556ab9da51cc8c193c435df50e864ae8bdad159ae444fdaa9beda,2021-03,City of London Police,City of London Police,-0.083993,51.511440,On or near Philpot Lane,E01032739,City of London 001F,Shoplifting,Court result unavailable,
779f1635aa7d2085b1fdfb42d8b7507d91b964d723557d4da22e02abd095d1f0,2021-03,City of London Police,City of London Police,-0.084983,51.510494,On or near Supermarket,E01032739,City of London 001F,Shoplifting,Court result unavailable,
06cc3ba86cb08d46d4cfee5cb49c4fabe1846a7fd2a49a79a08d8afd7bd7e0ed,2021-03,City of London Police,City of London Police,-0.094628,51.514203,On or near Cheapside,E01032739,City of London 001F,Shoplifting,Court result unavailable,
a8094d57e26908d77e54540ad2395d32cc88e751ea2ed85e0a215ec74f409ef9,2021-03,City of London Police,City of London Police,-0.084983,51.510494,On or near Supermarket,E01032739,City of London 001F,Shoplifting,Investigation complete; no suspect identified,
ef05228cae052f05f783ec81ef189a8a44617418fc6ce6be8027e17b54540de9,2021-03,City of London Police,City of London Police,-0.079786,51.517576,On or near Police Station,E01032739,City of London 001F,Shoplifting,Local resolution,
87b23a155f511eff457783365679d17c6a50ad43c7692fd4cd9b974537074787,2021-03,City of London Police,City of London Police,-0.088203,51.518262,On or near Moorgate,E01032739,City of London 001F,Shoplifting,Investigation complete; no suspect identified,
919b05e751c253ca949888d35ef8476be9835b9e4bf806e09a0c1bc28703b133,2021-03,City of London Police,City of London Police,-0.094720,51.514420,On or near Wood Street,E01032739,City of London 001F,Shoplifting,Investigation complete; no suspect identified,
d62cae920361ca95b565d38f7daa69aabec04a276ab38499254af485761dc625,2021-03,City of London Police,City of London Police,-0.081549,51.511625,On or near Mincing Lane,E01032739,City of London 001F,Shoplifting,Investigation complete; no suspect identified,
0181aae3ed90535c9f6739f5a4d3ea4d3bbc690c433d19dc84d909f5e2241e48,2021-03,City of London Police,City of London Police,-0.084199,51.513394,On or near Cornhill,E01032739,City of London 001F,Shoplifting,Investigation complete; no suspect identified,
1bd736b20e6d3723a64730ec9d6c294d28cf35a7470f67c0e573ee906e139224,2021-03,City of London Police,City of London Police,-0.090506,51.513524,On or near Poultry,E01032739,City of London 001F,Theft from the person,Investigation complete; no suspect identified,
f6271a5de2726310e0bff570fd970dfca6e20e3d00b6fe9efbccfdf6429cd638,2021-03,City of London Police,City of London Police,-0.101452,51.512650,On or near St Andrew'S Hill,E01032739,City of London 001F,Theft from the person,Investigation complete; no suspect identified,
3ddca750462534266b7e626a23c52224ff77a437a9dc5c342eaea91206ad65f2,2021-03,City of London Police,City of London Police,-0.089040,51.512745,On or near Mansion House Place,E01032739,City of London 001F,Theft from the person,Investigation complete; no suspect identified,
95f4c73354dc358185c5175c5a2ff6be6759820d54e9617b9468ae5c6a690850,2021-03,City of London Police,City of London Police,-0.084967,51.512598,On or near Bell Inn Yard,E01032739,City of London 001F,Theft from the person,Investigation complete; no suspect identified,
75c6fb8cafce55e15cf596c27de24577aa48ffc74f35454cf9e4e23be92a5802,2021-03,City of London Police,City of London Police,-0.086166,51.510828,On or near Eastcheap,E01032739,City of London 001F,Theft from the person,Investigation complete; no suspect identified,
d2400c2f2a88fdf861961524fa1778fb95c9742d5129fd8852e59b89e572b475,2021-03,City of London Police,City of London Police,-0.104001,51.513051,On or near Apothecary Street,E01032739,City of London 001F,Theft from the person,Investigation complete; no suspect identified,
baca73692cc78c46928ecb4ff0d1b9244b169a6dd525fa8191dd37ad2dee2fa4,2021-03,City of London Police,City of London Police,-0.094628,51.514203,On or near Cheapside,E01032739,City of London 001F,Theft from the person,Status update unavailable,
3a5fc0f669a7f7bf6729b0b1e785be03c490e031f2ed00a48e86be8787a90353,2021-03,City of London Police,City of London Police,-0.082458,51.517431,On or near Liverpool Street,E01032739,City of London 001F,Theft from the person,Investigation complete; no suspect identified,
491962c4fc59ee218497c5624571ca303d3351dd7e81f12cc85508d951454abd,2021-03,City of London Police,City of London Police,-0.092719,51.512652,On or near Queen Victoria Street,E01032739,City of London 001F,Theft from the person,Investigation complete; no suspect identified,
79d79380c20d44fa45725061a800fc12f8c9b560637d895d350fddc577995505,2021-03,City of London Police,City of London Police,-0.087780,51.508066,On or near Borough High Street,E01032739,City of London 001F,Theft from the person,Investigation complete; no suspect identified,
5203c9bf31839774ee63e4c14ccbcac99e87da85dac1ffd891a8204cb1e17008,2021-03,City of London Police,City of London Police,-0.080244,51.511828,On or near Mark Lane,E01032739,City of London 001F,Theft from the person,Investigation complete; no suspect identified,
1498846c3561b038b3327f307608bcf681445c461f187e95d3b2bb80ebddea72,2021-03,City of London Police,City of London Police,-0.080318,51.520678,On or near Primrose Street,E01032739,City of London 001F,Theft from the person,Investigation complete; no suspect identified,
158cdefb7374d02443bda66b157962791056c751c0f62f2f30dae5bb00f31297,2021-03,City of London Police,City of London Police,-0.087760,51.517149,On or near London Wall,E01032739,City of London 001F,Vehicle crime,Investigation complete; no suspect identified,
721579d49eda8c9fc9281a774cdd13b63f42a737d58a851b07f93366db64a5f7,2021-03,City of London Police,City of London Police,-0.092296,51.511386,On or near College Hill,E01032739,City of London 001F,Vehicle crime,Investigation complete; no suspect identified,
5a018558b93b2a95d08fb4853c650e1807d3ee19b48ba8c98fd0e918574b6674,2021-03,City of London Police,City of London Police,-0.092296,51.511386,On or near College Hill,E01032739,City of London 001F,Vehicle crime,Investigation complete; no suspect identified,
87c6a40d720f01f5ffd9f29aac37ea2dd1dc1c7a4715570a2aa2b788d4c8b7a6,2021-03,City of London Police,City of London Police,-0.081620,51.516814,On or near Alderman'S Walk,E01032739,City of London 001F,Violence and sexual offences,Awaiting court outcome,
f232b5d742bfbe8145fbdec950549fc07ffef8738463fa718f255e30bacd1b4b,2021-03,City of London Police,City of London Police,-0.101073,51.513453,On or near Creed Lane,E01032739,City of London 001F,Violence and sexual offences,Investigation complete; no suspect identified,
f76d296ae38f8513e39356362faa0328ef5ad0e0746853ec0309176d170d2a88,2021-03,City of London Police,City of London Police,-0.078856,51.518433,On or near Artillery Lane,E01032739,City of London 001F,Violence and sexual offences,Unable to prosecute suspect,
b7a7593cad3a44f9913085caa2d3029eb40ca51a93f0d056ee04bc422a635c5a,2021-03,City of London Police,City of London Police,-0.080376,51.517244,On or near Supermarket,E01032739,City of London 001F,Violence and sexual offences,Court result unavailable,
903cd0bd22e99e8d1e9a3f2f7d1bb1d6502dec20cd9ee90bb66444007d787326,2021-03,City of London Police,City of London Police,-0.090203,51.511118,On or near Scott'S Yard,E01032739,City of London 001F,Violence and sexual offences,Formal action is not in the public interest,
a1d7e3ce07b51db4a185a43c0e04804ffa190e676d97bc62937f12b8bb580c89,2021-03,City of London Police,City of London Police,-0.079786,51.517576,On or near Police Station,E01032739,City of London 001F,Violence and sexual offences,Unable to prosecute suspect,
999b1b202eba7c6ae20ec15deb32e542085a4a30c9d62baf5746143c970077b4,2021-03,City of London Police,City of London Police,-0.077578,51.510795,On or near Pepys Street,E01032739,City of London 001F,Violence and sexual offences,Offender given a caution,
26ac3217c02628d57be805817a6df18d830a636c5942535150e0a5baddbfd949,2021-03,City of London Police,City of London Police,-0.081620,51.516814,On or near Alderman'S Walk,E01032739,City of London 001F,Violence and sexual offences,Status update unavailable,
37b6b1ad379d32994cc406c3ca148df69f4f53c7051bafd0d9043b0dd6455296,2021-03,City of London Police,City of London Police,-0.082628,51.518189,On or near Sun Street Passage,E01032739,City of London 001F,Violence and sexual offences,Unable to prosecute suspect,
af30604d8496a77e41684716ed7006962fde62216c97bb12d2c5d724c8503273,2021-03,City of London Police,City of London Police,-0.096385,51.510787,On or near Gardners Lane,E01032739,City of London 001F,Violence and sexual offences,Unable to prosecute suspect,
d3478438e321960b487949cb2df4874347bdee6be120d671b20deb3339d5c730,2021-03,City of London Police,City of London Police,-0.078665,51.509950,On or near Muscovy Street,E01032739,City of London 001F,Violence and sexual offences,Status update unavailable,
4cf24e05a494b1f28d014e8314219bb810838e846f2256bfe7a183160a3201e4,2021-03,City of London Police,City of London Police,-0.079613,51.517231,On or near New Street,E01032739,City of London 001F,Violence and sexual offences,Unable to prosecute suspect,
9de847a32b84b99fd0b430c36a1c33b100a39cc20185b95b8cc59269a87e864e,2021-03,City of London Police,City of London Police,-0.079786,51.517576,On or near Police Station,E01032739,City of London 001F,Violence and sexual offences,Unable to prosecute suspect,
213d5f310e28c7706b6848b95403c0c2aefd4c6dbdfcb070f13aaebdeecbb07c,2021-03,City of London Police,City of London Police,-0.080665,51.509344,On or near Pedestrian Subway,E01032739,City of London 001F,Violence and sexual offences,Status update unavailable,
e5d118b623308b0e7bc5b4ad0c97752329a22f576a58079c8150205ed718b628,2021-03,City of London Police,City of London Police,-0.104244,51.512749,On or near New Bridge Street,E01032739,City of London 001F,Violence and sexual offences,Unable to prosecute suspect,
2d6835fcf7e1b964720aa51f9c585678da917a5dfbb7ba3f5b58e8042e181a7a,2021-03,City of London Police,City of London Police,-0.101395,51.510913,On or near Blackfriars Underpass,E01032739,City of London 001F,Violence and sexual offences,Unable to prosecute suspect,
03f3ad4501d5d5b05abb51a2ff3217e5f9994bc72e60fcb6a8fee03decf62cd2,2021-03,City of London Police,City of London Police,-0.079786,51.517576,On or near Police Station,E01032739,City of London 001F,Violence and sexual offences,Awaiting court outcome,
da4c60e9095d5ee2fb018ef8db6f9bb46a20a2a58507bf9630cf63637e7340ac,2021-03,City of London Police,City of London Police,-0.097213,51.511322,On or near Castle Baynard Street,E01032739,City of London 001F,Violence and sexual offences,Investigation complete; no suspect identified,
c36657551d303dba6aac87b26b5cce690d495600777ff460bee794f41919c42d,2021-03,City of London Police,City of London Police,-0.087780,51.508066,On or near Borough High Street,E01032739,City of London 001F,Violence and sexual offences,Status update unavailable,
6a5ae026eae0d0ebe94b45e4fdda6ffe5cdc10fa82308616495ee9d62a1adb03,2021-03,City of London Police,City of London Police,-0.081620,51.516814,On or near Alderman'S Walk,E01032739,City of London 001F,Violence and sexual offences,Unable to prosecute suspect,
26ac3217c02628d57be805817a6df18d830a636c5942535150e0a5baddbfd949,2021-03,City of London Police,City of London Police,-0.080376,51.517244,On or near Supermarket,E01032739,City of London 001F,Violence and sexual offences,Offender given a caution,
36f475ffe8b5f2b52d1468a29ad0b678a4c38937e276545ba81d95587083079a,2021-03,City of London Police,City of London Police,-0.101055,51.513552,On or near Creed Lane,E01032739,City of London 001F,Violence and sexual offences,Investigation complete; no suspect identified,
41ffc25d1054029970429cf837df882dfde5c70c80f44a0dc3e3cc5c09f30e3c,2021-03,City of London Police,City of London Police,-0.079786,51.517576,On or near Police Station,E01032739,City of London 001F,Violence and sexual offences,Status update unavailable,
0d1741e07bc673c2c762e1623a7841a8624c585362483fe70b8283a6b9c04ddb,2021-03,City of London Police,City of London Police,-0.080376,51.517244,On or near Supermarket,E01032739,City of London 001F,Violence and sexual offences,Investigation complete; no suspect identified,
79418a2571e04b306f8d0526cb7c22948279b50bb67022d0e30b508babada164,2021-03,City of London Police,City of London Police,-0.079786,51.517576,On or near Police Station,E01032739,City of London 001F,Violence and sexual offences,Unable to prosecute suspect,
d32f0683fbef103114fd5e99ef67ee821cad8e461ba3f5d532b637d0e72d38e5,2021-03,City of London Police,City of London Police,-0.084967,51.512598,On or near Bell Inn Yard,E01032739,City of London 001F,Violence and sexual offences,Investigation complete; no suspect identified,
2641076e2fd2a16f3eb582f11e0c58fcf392e367cd37c87586555792e2f8909f,2021-03,City of London Police,City of London Police,-0.077578,51.510795,On or near Pepys Street,E01032739,City of London 001F,Violence and sexual offences,Offender given a caution,
e8e0c531043ea2b95c8afcef3d264211c7effcb537d396a430fae46b125a6c5f,2021-03,City of London Police,City of London Police,-0.081516,51.510014,On or near Great Tower Street,E01032739,City of London 001F,Other crime,Formal action is not in the public interest,
48c50598a7e03751f07a9b4608eb72dc434daa2967ecea66faa998cbe351c438,2021-03,City of London Police,City of London Police,-0.078924,51.508587,On or near Petty Wales,E01032739,City of London 001F,Other crime,Formal action is not in the public interest,
30a9e5722a91a75773b00dabd12b5426a6f83e8c95c440a0efd97c3569f5d9ea,2021-03,City of London Police,City of London Police,-0.079786,51.517576,On or near Police Station,E01032739,City of London 001F,Other crime,Status update unavailable,
62135c8881602a1d93d1822bf2a4a877f4c094a7c45aa528a75403db61b96a89,2021-03,City of London Police,City of London Police,-0.104494,51.509848,On or near A201,E01032739,City of London 001F,Other crime,Awaiting court outcome,
,2021-03,City of London Police,City of London Police,-0.104281,51.516032,On or near Bear Alley,E01032740,City of London 001G,Anti-social behaviour,,
,2021-03,City of London Police,City of London Police,-0.099818,51.519017,On or near Cloth Fair,E01032740,City of London 001G,Anti-social behaviour,,
,2021-03,City of London Police,City of London Police,-0.107793,51.515450,On or near East Harding Street,E01032740,City of London 001G,Anti-social behaviour,,
,2021-03,City of London Police,City of London Police,-0.112939,51.518231,On or near Southampton Buildings,E01032740,City of London 001G,Anti-social behaviour,,
,2021-03,City of London Police,City of London Police,-0.103280,51.514109,On or near Ludgate Hill,E01032740,City of London 001G,Anti-social behaviour,,
,2021-03,City of London Police,City of London Police,-0.106680,51.515882,On or near Parking Area,E01032740,City of London 001G,Anti-social behaviour,,
,2021-03,City of London Police,City of London Police,-0.102741,51.513885,On or near Pageantmaster Court,E01032740,City of London 001G,Anti-social behaviour,,
,2021-03,City of London Police,City of London Police,-0.105134,51.513869,On or near Bride Lane,E01032740,City of London 001G,Anti-social behaviour,,
,2021-03,City of London Police,City of London Police,-0.105134,51.513869,On or near Bride Lane,E01032740,City of London 001G,Anti-social behaviour,,
8f36e81b9373d0cf4841208f7cc0c17e2b3c814905c0881f3240a062ff720cf8,2021-03,City of London Police,City of London Police,-0.100884,51.516966,On or near Hospital,E01032740,City of London 001G,Bicycle theft,Investigation complete; no suspect identified,
335bdb9f7c994ddbc53df53e850781f85279f7ca4afa111832cd8f576d392a9f,2021-03,City of London Police,City of London Police,-0.098500,51.519526,On or near Middle Street,E01032740,City of London 001G,Bicycle theft,Investigation complete; no suspect identified,
a1949cfe79f485e96400ba25c4812bb9bd98d35b5b069e75adec4ef83abf98a4,2021-03,City of London Police,City of London Police,-0.104909,51.517912,On or near Parking Area,E01032740,City of London 001G,Criminal damage and arson,Investigation complete; no suspect identified,
739b30e36caacf2e6ddf3da458e43623a348de35f1750ab9a8ed0c2cdfbe8413,2021-03,City of London Police,City of London Police,-0.109709,51.517909,On or near High Holborn,E01032740,City of London 001G,Criminal damage and arson,Investigation complete; no suspect identified,
babcc06c2dcd20cf406f6e1ced383bc5694be9d24feaef85750903da39f54860,2021-03,City of London Police,City of London Police,-0.105134,51.513869,On or near Bride Lane,E01032740,City of London 001G,Criminal damage and arson,Status update unavailable,
6661fddccdde2a7db592c782dea2338626263a8536dbdd2ffc843e0dd4ffb2bf,2021-03,City of London Police,City of London Police,-0.105900,51.516966,On or near Plumtree Court,E01032740,City of London 001G,Drugs,Offender given a drugs possession warning,
3b191660636b4bc7f11b4d6d13c44618d13bbd6fe35983564bb55e33070c0b8e,2021-03,City of London Police,City of London Police,-0.102741,51.513885,On or near Pageantmaster Court,E01032740,City of London 001G,Drugs,Offender given a drugs possession warning,
e328b1b860eb854366fca655d36f0dddf8c31ac7a73ea9614879fdf8ac0ca309,2021-03,City of London Police,City of London Police,-0.102794,51.515037,On or near Parking Area,E01032740,City of London 001G,Drugs,Status update unavailable,
1ed878167c29681954b6aad970e59b547ddb124a2af9e385278b0f09c1f8811e,2021-03,City of London Police,City of London Police,-0.104134,51.514699,On or near Old Seacoal Lane,E01032740,City of London 001G,Drugs,Status update unavailable,
2aded83f61c100a05b69646879ecd7c885fe3057703318edc96a0d157bb07bb7,2021-03,City of London Police,City of London Police,-0.104252,51.516733,On or near Supermarket,E01032740,City of London 001G,Other theft,Investigation complete; no suspect identified,
cf6fcc8713969fa78dafb5afe65ac4a045f0b989b4b119a892d5d4c271d5130c,2021-03,City of London Police,City of London Police,-0.109647,51.514887,On or near Fetter Lane,E01032740,City of London 001G,Other theft,Status update unavailable,
25360f57ec3afc62c4d4364cf9ad41d9e02932436cc5dc4f1a710ed6999615db,2021-03,City of London Police,City of London Police,-0.100884,51.516966,On or near Hospital,E01032740,City of London 001G,Public order,Investigation complete; no suspect identified,
fea22eb1881bac1867a33d8b9ebabb3dc5a2bc5717da5af9b24a63772b96f1c3,2021-03,City of London Police,City of London Police,-0.104134,51.514699,On or near Old Seacoal Lane,E01032740,City of London 001G,Public order,Status update unavailable,
872b21b7198195db97a868cd97e742a6495f7af239aac9b3e7f37988b880d6e4,2021-03,City of London Police,City of London Police,-0.100884,51.516966,On or near Hospital,E01032740,City of London 001G,Public order,Unable to prosecute suspect,
b7928a6ee9e19edaf1b9a7de630b54b10d7ca17201b630ecb1d85e3ec17b336c,2021-03,City of London Police,City of London Police,-0.108231,51.513928,On or near Pleydell Street,E01032740,City of London 001G,Public order,Unable to prosecute suspect,
aee58d665298b8e933c58a604dec7f5b2f46a99b4d23c0854e5b05be4215164f,2021-03,City of London Police,City of London Police,-0.108283,51.517526,On or near Supermarket,E01032740,City of London 001G,Shoplifting,Court result unavailable,
14d4faa88160ce7ef2e36f06d2e9ebbb4fc7d80919bb1a0ea6e27db8bb745bf3,2021-03,City of London Police,City of London Police,-0.100884,51.516966,On or near Hospital,E01032740,City of London 001G,Theft from the person,Investigation complete; no suspect identified,
b3fa49ed01e6e3dc5234b7caa1959c84d2819119fbd1d9a04cf75574e7e99f08,2021-03,City of London Police,City of London Police,-0.109709,51.517909,On or near High Holborn,E01032740,City of London 001G,Theft from the person,Investigation complete; no suspect identified,
70525978fb1c46df0697a89d24e16698b0513d20a6173c1ccc784dc5a8debbe6,2021-03,City of London Police,City of London Police,-0.108283,51.517526,On or near Supermarket,E01032740,City of London 001G,Theft from the person,Investigation complete; no suspect identified,
11cfec59b1fb946ae052c04c487102e4e4672948b11c647280da3b5e0e4d52af,2021-03,City of London Police,City of London Police,-0.111181,51.516476,On or near Cursitor Street,E01032740,City of London 001G,Vehicle crime,Investigation complete; no suspect identified,
8ffdb25d587a6aea644fabf777881336a74192e1fb40ecd635ff5b56f9f905fd,2021-03,City of London Police,City of London Police,-0.099818,51.519017,On or near Cloth Fair,E01032740,City of London 001G,Vehicle crime,Investigation complete; no suspect identified,
b35ea1e3a2bca63a8cb38bd4560e37a6c8e7c34a5249dc89879778cebb8ca12c,2021-03,City of London Police,City of London Police,-0.106922,51.514204,On or near Fleet Street,E01032740,City of London 001G,Violence and sexual offences,Unable to prosecute suspect,
cb95011d8f4f827c9405106496845ffeab9b4be6c8c97a8597c7315c691a53a1,2021-03,City of London Police,City of London Police,-0.106922,51.514204,On or near Fleet Street,E01032740,City of London 001G,Violence and sexual offences,Status update unavailable,
4186c70ac612d4040cd2f2600590db481357e44cf81e526047e8a0cd7bcca0e4,2021-03,City of London Police,City of London Police,-0.112939,51.518231,On or near Southampton Buildings,E01032740,City of London 001G,Violence and sexual offences,Unable to prosecute suspect,
6d07f723e6654871ae1e25a152ae822fe23ca0d8328b11fb7853496542d4c9ce,2021-03,City of London Police,City of London Police,-0.111132,51.512420,On or near Middle Temple Lane,E01032740,City of London 001G,Violence and sexual offences,Status update unavailable,
c24753e0d52920d408f66f20bd62e858fd48341991f65f4c71a73f10a349267d,2021-03,City of London Police,City of London Police,-0.102721,51.515404,On or near St Georges'S Court,E01032740,City of London 001G,Violence and sexual offences,Status update unavailable,
1dff0942dddc950ef0ccb3bac86d6c3499c5b4f17f35b15f46fd5a013f49b434,2021-03,City of London Police,City of London Police,-0.103597,51.519312,On or near Nightclub,E01002724,Islington 022D,Drugs,Formal action is not in the public interest,
45b173304b3a8f3011e939e9ffd09fcab15aab7802c1c346c7155a5bdf1ead82,2021-03,City of London Police,City of London Police,-0.090517,51.525655,On or near Supermarket,E01002704,Islington 023D,Drugs,Offender given a drugs possession warning,
cffc6b608f88cb6d1ae0204942994800f3bebb9f7eecde0b3963893277f8c139,2021-03,City of London Police,City of London Police,-0.090517,51.525655,On or near Supermarket,E01002704,Islington 023D,Drugs,Offender given a drugs possession warning,
c8e2968cfa5b079dfc18a0a0994ead88c6541c3ad1f4b5519206903cbc512ae3,2021-03,City of London Police,City of London Police,-0.091732,51.521080,On or near Nightclub,E01002704,Islington 023D,Possession of weapons,Investigation complete; no suspect identified,
7c11d3d08c4e52a529b4cb1ce7cd402d1066d81fa6fc37c9742997041d6a4652,2021-03,City of London Police,City of London Police,-0.091732,51.521080,On or near Nightclub,E01002704,Islington 023D,Robbery,Investigation complete; no suspect identified,
337aa966a96ca73158d0a72daeb12931c05411469b4d1f3fa95e8d3d5f39cb7a,2021-03,City of London Police,City of London Police,-0.091732,51.521080,On or near Nightclub,E01002704,Islington 023D,Violence and sexual offences,Investigation complete; no suspect identified,
e4e439cb6413da285f2780f03ef23f155b445ecc57d20fc6efe9ab2ef1c07d99,2021-03,City of London Police,City of London Police,-0.114389,51.505458,On or near Waterloo Road,E01003016,Lambeth 036C,Drugs,Offender given penalty notice,
b898a35eca7522077acb63ff7f673cf31ef57a5b6f58f8c4243289b37912ba85,2021-03,City of London Police,City of London Police,-0.075991,51.518017,On or near Tenter Ground,E01004307,Tower Hamlets 015B,Drugs,Awaiting court outcome,
643644e4a45e32dca6b66b8fcd3530c1e5fcb90e61c4181cd1860b7f02641a9d,2021-03,City of London Police,City of London Police,-0.076686,51.517588,On or near Parking Area,E01004307,Tower Hamlets 015B,Violence and sexual offences,Awaiting court outcome,
384d40daaa9a35b997831f22c3291e5fe3dd84a3398c112ffa2cf9df64b9ffdb,2021-03,City of London Police,City of London Police,-0.070437,51.515390,On or near Pedestrian Subway,E01004325,Tower Hamlets 021D,Drugs,Offender given a caution,
c7f67ec6444745aded7b05163503a41d2e738a105c610e49b7fb37683d50b26c,2021-03,City of London Police,City of London Police,-0.028513,51.511330,On or near Beccles Street,E01004255,Tower Hamlets 023C,Drugs,Status update unavailable,
546dee9712f3c71de7dc63a664baf76f386b2e00cdcbcd73d4ff321c862ea627,2021-03,City of London Police,City of London Police,-0.079130,51.507808,On or near Ferry Terminal,E01004293,Tower Hamlets 027B,Drugs,Offender given a drugs possession warning,
1b46e1aa2d364e63212e572dfa89ee1960bc541b3512f0161c85c951f37956fc,2021-03,City of London Police,City of London Police,-0.074901,51.506255,On or near A100,E01004293,Tower Hamlets 027B,Drugs,Offender given penalty notice,
338f46f393ea58768cfc0457f94bdfa62bdd1096cd11c5368a8a14b5149ec812,2021-03,City of London Police,City of London Police,-0.074901,51.506255,On or near A100,E01004293,Tower Hamlets 027B,Drugs,Offender given a drugs possession warning,
b454c2140adfdb7c708a9aa55c1526ca213abe98b4877dd88b7d942b83b28582,2021-03,City of London Police,City of London Police,-0.074901,51.506255,On or near A100,E01004293,Tower Hamlets 027B,Drugs,Offender given a drugs possession warning,
643bfa980717c8e28c29368de0f6688247f137b8cdfed1a117f80857ae58bde0,2021-03,City of London Police,City of London Police,-0.074901,51.506255,On or near A100,E01004293,Tower Hamlets 027B,Drugs,Status update unavailable,
8a27bf99acb5ac19c58bd8e44bcde5eb5589ebdb03fc0bde23fda6ca2ab5be9a,2021-03,City of London Police,City of London Police,-0.079130,51.507808,On or near Ferry Terminal,E01004293,Tower Hamlets 027B,Drugs,Offender given a drugs possession warning,
c890defb5d13f48fdb1cd4d79e1fd84e90afb2e8136fc2f65a00a4bf2cfde26d,2021-03,City of London Police,City of London Police,-0.079130,51.507808,On or near Ferry Terminal,E01004293,Tower Hamlets 027B,Drugs,Offender given a drugs possession warning,
42d2c512be19f8e6aa12d199d9ae07f51f61494679a68f5a9535c28957d74374,2021-03,City of London Police,City of London Police,-0.074901,51.506255,On or near A100,E01004293,Tower Hamlets 027B,Drugs,Offender given a drugs possession warning,
42c40b0a52724d99c20c504ed1eee3dfcda8bfdd4b97f07189409943ac066810,2021-03,City of London Police,City of London Police,-0.074901,51.506255,On or near A100,E01004293,Tower Hamlets 027B,Violence and sexual offences,Investigation complete; no suspect identified,
62d6af7093b12794a23832667a3e4a1732fcf4eb1cc3a27ad7a1b55cf0f935ec,2021-03,City of London Police,City of London Police,-0.074901,51.506255,On or near A100,E01004293,Tower Hamlets 027B,Violence and sexual offences,Offender given a caution,
3e478cd8bdf920fda6cd4fac46fc5584bc756dedeeb648f984ad4becaf2968b4,2021-03,City of London Police,City of London Police,-0.074901,51.506255,On or near A100,E01004293,Tower Hamlets 027B,Other crime,Awaiting court outcome,
,2021-03,City of London Police,City of London Police,,,No Location,,,Anti-social behaviour,,
,2021-03,City of London Police,City of London Police,,,No Location,,,Anti-social behaviour,,
,2021-03,City of London Police,City of London Police,,,No Location,,,Anti-social behaviour,,
,2021-03,City of London Police,City of London Police,,,No Location,,,Anti-social behaviour,,
,2021-03,City of London Police,City of London Police,,,No Location,,,Anti-social behaviour,,
,2021-03,City of London Police,City of London Police,,,No Location,,,Anti-social behaviour,,
,2021-03,City of London Police,City of London Police,,,No Location,,,Anti-social behaviour,,
,2021-03,City of London Police,City of London Police,,,No Location,,,Anti-social behaviour,,
,2021-03,City of London Police,City of London Police,,,No Location,,,Anti-social behaviour,,
5ace3244d1cec25f1f255c64e6fbf9d99f12bbd920765b3401e866dcfefe1f54,2021-03,City of London Police,City of London Police,,,No Location,,,Drugs,Status update unavailable,
dfca6ce53680e39970bb5205116806da87d4b480fd80304ffd2716ff82708fe3,2021-03,City of London Police,City of London Police,,,No Location,,,Drugs,Court result unavailable,
4083c0104339373daea9dec31473f87fffd6b4c1192a6b731b276efc455006de,2021-03,City of London Police,City of London Police,,,No Location,,,Drugs,Offender given a drugs possession warning,
0f7b7ccff350c5457dcfff0d79425cd126c803d99f4edc30e763d52272ee6810,2021-03,City of London Police,City of London Police,,,No Location,,,Drugs,Offender given a drugs possession warning,
f3c0f713779988d64cfae69646c90c50f0054f89c8fe07e1c7c1976fc59fcbc7,2021-03,City of London Police,City of London Police,,,No Location,,,Drugs,Offender given a drugs possession warning,
d289fc583b527298380a7307f7b623a811ed73f46e97d1e3fb33c6b105e05df9,2021-03,City of London Police,City of London Police,,,No Location,,,Drugs,Awaiting court outcome,
1131c6ee9d7e8299b7baf04097cc749ce2aeb1d0708cd3db5d61c321d1b56c55,2021-03,City of London Police,City of London Police,,,No Location,,,Other theft,Investigation complete; no suspect identified,
4afa1630e08794a669916a998ee01d2c7fe8991e9675b14cb3ab1fd1d387ef68,2021-03,City of London Police,City of London Police,,,No Location,,,Other theft,Status update unavailable,
588e03edb0acccd708b2992ef2a2f0eb3f7549d3950004aafc2c3bc74279b808,2021-03,City of London Police,City of London Police,,,No Location,,,Other theft,Unable to prosecute suspect,
14416d20b4297457285222c9f8ed3d881dcd9cf7ae6efd86fcadc30dd1335c46,2021-03,City of London Police,City of London Police,,,No Location,,,Public order,Status update unavailable,
b50721036ba17864ded96497e133098df9d4de4398129166c47693e3b7696652,2021-03,City of London Police,City of London Police,,,No Location,,,Public order,Court result unavailable,
46680680c40a8a4637dc70128d2d6c3525e1f57f534231d1b6b6155876a04c9c,2021-03,City of London Police,City of London Police,,,No Location,,,Public order,Investigation complete; no suspect identified,
63430e61bacbfa8a627d96d117e75c3f215b0876154e17e2039bd093449e6ad3,2021-03,City of London Police,City of London Police,,,No Location,,,Theft from the person,Investigation complete; no suspect identified,
e0bb5c27212578fa58516e78ff22a51206f632598a5c718f4ba2716c22cef468,2021-03,City of London Police,City of London Police,,,No Location,,,Theft from the person,Investigation complete; no suspect identified,
881fa60b65fda8669040e605ba2c51003dbb57d175d0eb5a7c246a0358614ecf,2021-03,City of London Police,City of London Police,,,No Location,,,Theft from the person,Investigation complete; no suspect identified,
6384895c5289bdb50a4160648ed4ebd4b8ec0ecf5b29ca48faee706b6854b759,2021-03,City of London Police,City of London Police,,,No Location,,,Theft from the person,Unable to prosecute suspect,
79d79fb9aae9b57aff5ab13d12cecbbdb605b16d9bf7388ae344502ba3133ca7,2021-03,City of London Police,City of London Police,,,No Location,,,Vehicle crime,Status update unavailable,
ed73e34bcc5dd9f3a208d02c478400c2ffec9fcc4d3c10c9347c3e92f0e25c0c,2021-03,City of London Police,City of London Police,,,No Location,,,Violence and sexual offences,Investigation complete; no suspect identified,
4beccd5b8a1cedcdd3aa9cca47b074e19ae0c17034fcdc02df3061d8cc10ccae,2021-03,City of London Police,City of London Police,,,No Location,,,Violence and sexual offences,Investigation complete; no suspect identified,
e4780e334cefbc0e101438001784f18700d9ac9a23ca9f86708e6deb5b92197c,2021-03,City of London Police,City of London Police,,,No Location,,,Violence and sexual offences,Status update unavailable,
bbbbfcbdad2207fd0faf9b149997551be48147b63754dc68aa16cccceb6ab234,2021-03,City of London Police,City of London Police,,,No Location,,,Violence and sexual offences,Investigation complete; no suspect identified,
b56c4842d65451d54a8921e54e78ef0db0ae3d115ea776b2d0fa514b350c6cd6,2021-03,City of London Police,City of London Police,,,No Location,,,Violence and sexual offences,Offender given a caution,
333b764ff487c87c5af7294f7acaed3e6ec498163a7cf3a43f5101d2b633e946,2021-03,City of London Police,City of London Police,,,No Location,,,Violence and sexual offences,Status update unavailable,
9bde633e84b1ca6fb9a924d6596d5d9399a83a504c95d918b68109286f8461bc,2021-03,City of London Police,City of London Police,,,No Location,,,Violence and sexual offences,Status update unavailable,
720e68501ac95946879f0a3803bc3478a4c08adcb5d0b6dc7d8d7b97e95c5c3f,2021-03,City of London Police,City of London Police,,,No Location,,,Violence and sexual offences,Investigation complete; no suspect identified,
d7c799cb9863228c71ef981d63bf4be3a1dfb3a6bb481aed1f19e3fc9286bb8b,2021-03,City of London Police,City of London Police,,,No Location,,,Violence and sexual offences,Status update unavailable,
37eb8230aa93b7aa7fb6de5377518bff02aab28637592106d84fe7dbe511526f,2021-03,City of London Police,City of London Police,,,No Location,,,Other crime,Unable to prosecute suspect,
5c3092bdcefe8a5cae8300b6de5d7344706b009aa78e21d6433419fad736b7c5,2021-03,City of London Police,City of London Police,,,No Location,,,Other crime,Status update unavailable,
d79275e53f340958d2add4cf79c2599b1404bd5176a6e842ec25e6c95ae27520,2021-03,City of London Police,City of London Police,,,No Location,,,Other crime,Status update unavailable,
8cde48961e10b8d080771a0321b65d97e4e23b13874431c224c846e5ea23f5a0,2021-03,City of London Police,City of London Police,,,No Location,,,Other crime,Action to be taken by another organisation,
eb2dd2e3b22830b06949ef30108d97563201f3192e4a6a23bc8308342eaf095b,2021-03,City of London Police,City of London Police,,,No Location,,,Other crime,Investigation complete; no suspect identified,
87e8a61b6777872eb4eff7372f211a9d829af204fe78f86aa141250fd98354fa,2021-03,City of London Police,City of London Police,,,No Location,,,Other crime,Status update unavailable,
7102b73e5945fccfcd3bebbafe6e0643648d65dd7384d3ce2d3c89661cac87dc,2021-03,City of London Police,City of London Police,,,No Location,,,Other crime,Status update unavailable,
3a42b404d86d055c73d9786ed8b3a3d33ea7a109dedce6d2ac133f6ded541831,2021-03,City of London Police,City of London Police,,,No Location,,,Other crime,Status update unavailable,
3d625fdc44cf26860b24b214ce98fa76e9f91f625176cf6935b7d957e36a4fb7,2021-03,City of London Police,City of London Police,,,No Location,,,Other crime,Offender given a caution,
139be45b629f89733d7095eff6db702db5db60066a9b6c16b82d03b733e758a3,2021-03,City of London Police,City of London Police,,,No Location,,,Other crime,Status update unavailable,
e47742a3e612bff0983909d2464a71ae24bb126f7e9d8eea95b29054c45e2f4b,2021-03,City of London Police,City of London Police,,,No Location,,,Other crime,Status update unavailable,
b9870bd3f423e25696ae6b78214381a2c564d25149f83c1507cc1efc07ce8f4e,2021-03,City of London Police,City of London Police,,,No Location,,,Other crime,Status update unavailable,
