Crime ID,Month,Reported by,Falls within,Longitude,Latitude,Location,LSOA code,LSOA name,Crime type,Last outcome category,Context
903cd5ef21a51282623d04331bfe035ccfb760b74e0142d25b2c9aefea00aa4f,2021-05,City of London Police,City of London Police,-0.109582,51.522017,On or near Clerkenwell Road,E01000916,Camden 027B,Drugs,Formal action is not in the public interest,
9669cbb096412b9b261de94d969854e899a66e9a55558484cf23c2b10e54dcce,2021-05,City of London Police,City of London Police,-0.111962,51.518494,On or near Nightclub,E01000914,Camden 028B,Public order,Formal action is not in the public interest,
26f38118057f6ba3463d846c100117b911f3f7ba012f5af3e48a454e4b8aee3c,2021-05,City of London Police,City of London Police,-0.113256,51.516824,On or near Old Square,E01000914,Camden 028B,Theft from the person,Investigation complete; no suspect identified,
,2021-05,City of London Police,City of London Police,-0.097736,51.520206,On or near Conference/Exhibition Centre,E01000001,City of London 001A,Anti-social behaviour,,
,2021-05,City of London Police,City of London Police,-0.098572,51.516767,On or near King Edward Street,E01000001,City of London 001A,Anti-social behaviour,,
,2021-05,City of London Police,City of London Police,-0.097562,51.518864,On or near Parking Area,E01000001,City of London 001A,Anti-social behaviour,,
,2021-05,City of London Police,City of London Police,-0.097562,51.518864,On or near Parking Area,E01000001,City of London 001A,Anti-social behaviour,,
,2021-05,City of London Police,City of London Police,-0.097601,51.520699,On or near Carthusian Street,E01000001,City of London 001A,Anti-social behaviour,,
a1f4e3894a4068bfcac4947d726042782204e1189cb1417945a5d62ae306f3e7,2021-05,City of London Police,City of London Police,-0.097562,51.518864,On or near Parking Area,E01000001,City of London 001A,Bicycle theft,Investigation complete; no suspect identified,
76aadb04ab80a235208310f60a24f6582d8b91a7bc40dced1e9e8673226cbe93,2021-05,City of London Police,City of London Police,-0.097736,51.520206,On or near Conference/Exhibition Centre,E01000001,City of London 001A,Burglary,Investigation complete; no suspect identified,
4e9eabf587e9161465dc14bbd61756e863df5b62583385023176f34ffb1fa59c,2021-05,City of London Police,City of London Police,-0.097736,51.520206,On or near Conference/Exhibition Centre,E01000001,City of London 001A,Burglary,Investigation complete; no suspect identified,
4e6457444709d8dbdcfdb9253ade6fbbda9a8824d0eedfb7b2bf6224375b81cc,2021-05,City of London Police,City of London Police,-0.097562,51.518864,On or near Parking Area,E01000001,City of London 001A,Drugs,Status update unavailable,
be26f77aa6d2b5505fd4f110ace00673041a7926699a463399dba7d652fe8eb0,2021-05,City of London Police,City of London Police,-0.097277,51.515307,On or near St Martin'S Le Grand,E01000001,City of London 001A,Public order,Investigation complete; no suspect identified,
c4f637b0547e3626d1421580d2d31dc824301038d8986cf3e6b2f944eca9fd08,2021-05,City of London Police,City of London Police,-0.097736,51.520206,On or near Conference/Exhibition Centre,E01000001,City of London 001A,Theft from the person,Investigation complete; no suspect identified,
412e38dcf42a9692c5779bee958104527bb88bc702e9fa81519aa81460ffc13e,2021-05,City of London Police,City of London Police,-0.097562,51.518864,On or near Parking Area,E01000001,City of London 001A,Theft from the person,Investigation complete; no suspect identified,
f9eeebe80106ee03ac5ccb336dcc39fcdf4ccbbb48b7b75ad2689782b2a6bef7,2021-05,City of London Police,City of London Police,-0.097601,51.520699,On or near Carthusian Street,E01000001,City of London 001A,Theft from the person,Investigation complete; no suspect identified,
7c10bdb0fc12bd4d09f9f7f0823088e09135b5fa417543d747841a3d77792439,2021-05,City of London Police,City of London Police,-0.097053,51.518262,On or near Aldersgate Street,E01000001,City of London 001A,Vehicle crime,Investigation complete; no suspect identified,
1dbca9e21346e18131bd161f70d1ea521984d6b6ebe1e152b7cb7ae1dd9cb0dc,2021-05,City of London Police,City of London Police,-0.097053,51.518262,On or near Aldersgate Street,E01000001,City of London 001A,Vehicle crime,Investigation complete; no suspect identified,
0210301215c578c74e4ef2861f0ede1f032752f5f11b4de6cde9ddd38022898a,2021-05,City of London Police,City of London Police,-0.097562,51.518864,On or near Parking Area,E01000001,City of London 001A,Vehicle crime,Investigation complete; no suspect identified,
596061d10f06631cb7d65acc03357452b663187b1dda5e0d71ce818fa41b4cf5,2021-05,City of London Police,City of London Police,-0.097053,51.518262,On or near Aldersgate Street,E01000001,City of London 001A,Vehicle crime,Investigation complete; no suspect identified,
,2021-05,City of London Police,City of London Police,-0.093030,51.517612,On or near Parking Area,E01000002,City of London 001B,Anti-social behaviour,,
,2021-05,City of London Police,City of London Police,-0.094747,51.518620,On or near Park/Open Space,E01000002,City of London 001B,Anti-social behaviour,,
,2021-05,City of London Police,City of London Police,-0.093933,51.519812,On or near Conference/Exhibition Centre,E01000002,City of London 001B,Anti-social behaviour,,
,2021-05,City of London Police,City of London Police,-0.093845,51.518462,On or near Park/Open Space,E01000002,City of London 001B,Anti-social behaviour,,
,2021-05,City of London Police,City of London Police,-0.093948,51.518077,On or near Monkwell Square,E01000002,City of London 001B,Anti-social behaviour,,
430d8e6d518ee870d0073609933779659b1ccda3c1a98dbfb2870383630640ff,2021-05,City of London Police,City of London Police,-0.092297,51.518949,On or near Park/Open Space,E01000002,City of London 001B,Bicycle theft,Investigation complete; no suspect identified,
cf2b630348a9a40d87523cbca2431dc5d1db17ab8d9684976c9352c8297306c2,2021-05,City of London Police,City of London Police,-0.092723,51.517032,On or near Aldermanbury Square,E01000002,City of London 001B,Bicycle theft,Investigation complete; no suspect identified,
eb47874c25aca1fdf75ebc656105b61f803971b0c1ef85308b1e3750cae2a73f,2021-05,City of London Police,City of London Police,-0.093057,51.520085,On or near Theatre/Concert Hall,E01000002,City of London 001B,Bicycle theft,Formal action is not in the public interest,
89253adf3b68c387c51b579df1ec587f063d8e818d61ac2bb997b09204988cc9,2021-05,City of London Police,City of London Police,-0.092297,51.518949,On or near Park/Open Space,E01000002,City of London 001B,Bicycle theft,Status update unavailable,
6a58ba6e4020d4b778de4afd85e563aa79e510270dd5b2b952a07f3198258d4c,2021-05,City of London Police,City of London Police,-0.094115,51.516497,On or near Wood Street,E01000002,City of London 001B,Criminal damage and arson,Local resolution,
0b55c6e1b76eb989d8f675e23ae64163fc425507c89597f023bc1a7b0db4e9f6,2021-05,City of London Police,City of London Police,-0.092297,51.518949,On or near Park/Open Space,E01000002,City of London 001B,Criminal damage and arson,Unable to prosecute suspect,
e9d53a27c9cc7ef3e350396b818b4b5f0c712a5bc0c4609caccb6070d0eb2e17,2021-05,City of London Police,City of London Police,-0.093933,51.519812,On or near Conference/Exhibition Centre,E01000002,City of London 001B,Drugs,Status update unavailable,
de60c89490609f782c643c037ab88c5f1dfe97328261ca35dcbf6cbc42c231cb,2021-05,City of London Police,City of London Police,-0.093933,51.519812,On or near Conference/Exhibition Centre,E01000002,City of London 001B,Drugs,Offender given a caution,
5b339ca06550d6304078379885e0f56d8155324e810906fb5486f495958bcdfe,2021-05,City of London Police,City of London Police,-0.088621,51.518619,On or near Moorfields,E01000002,City of London 001B,Other theft,Investigation complete; no suspect identified,
551e8a74d1d6ba857d668d4d40d22c30b03e0872ecaa886f434e71f3ea151099,2021-05,City of London Police,City of London Police,-0.093948,51.518077,On or near Monkwell Square,E01000002,City of London 001B,Other theft,Investigation complete; no suspect identified,
648426b9a41e71b1a989f608f6d718118de4e34691cbd62fb3cbdcf5659578c9,2021-05,City of London Police,City of London Police,-0.088621,51.518619,On or near Moorfields,E01000002,City of London 001B,Public order,Status update unavailable,
5bf5e635f812896c0947577f75caccc6ba310759bd08012f186db032535c00aa,2021-05,City of London Police,City of London Police,-0.088621,51.518619,On or near Moorfields,E01000002,City of London 001B,Public order,Status update unavailable,
892efe9e63b13b3b924c8ccd6ff97f9ea5eda058fbd5cb9839c1df1278c68e18,2021-05,City of London Police,City of London Police,-0.092297,51.518949,On or near Park/Open Space,E01000002,City of London 001B,Public order,Unable to prosecute suspect,
ac9a5a8381e6f4b62e1fad31c0925af976d00be95f61901fe6462423fc75efe1,2021-05,City of London Police,City of London Police,-0.094546,51.520658,On or near Beech Street,E01000002,City of London 001B,Theft from the person,Status update unavailable,
fd70bf108baf2d4c8b443216878e5405e42aad164029a33470d8c40d2cb59f21,2021-05,City of London Police,City of London Police,-0.094546,51.520658,On or near Beech Street,E01000002,City of London 001B,Theft from the person,Investigation complete; no suspect identified,
2750969e105cc5c49f6f18bb8dad7d2feb264663eae021abd08ba8dbd794c0a8,2021-05,City of London Police,City of London Police,-0.088621,51.518619,On or near Moorfields,E01000002,City of London 001B,Theft from the person,Investigation complete; no suspect identified,
c099b0f55eb1c4f45369e40f085521c6f544833a1bd4bdd1e54f11be594f1eb6,2021-05,City of London Police,City of London Police,-0.093933,51.519812,On or near Conference/Exhibition Centre,E01000002,City of London 001B,Theft from the person,Status update unavailable,
61ca1f63077593d8f74ae86546f93c2c4dd50a52881b43dfc66562c2f90c4170,2021-05,City of London Police,City of London Police,-0.092297,51.518949,On or near Park/Open Space,E01000002,City of London 001B,Violence and sexual offences,Unable to prosecute suspect,
,2021-05,City of London Police,City of London Police,-0.094033,51.520875,On or near Shopping Area,E01000003,City of London 001C,Anti-social behaviour,,
,2021-05,City of London Police,City of London Police,-0.094033,51.520875,On or near Shopping Area,E01000003,City of London 001C,Anti-social behaviour,,
fa181730a017d23caa397f6a17f228cd71194e32075a04d295103e1a5d982cd3,2021-05,City of London Police,City of London Police,-0.094468,51.521853,On or near Golden Lane,E01000003,City of London 001C,Other theft,Investigation complete; no suspect identified,
3aacd070201c199d3614bcd36fc2156a3504a77ce1d2c4d0954aebfa09b57b91,2021-05,City of London Police,City of London Police,-0.094468,51.521853,On or near Golden Lane,E01000003,City of London 001C,Public order,Unable to prosecute suspect,
8c2f7b564c53d607df3b14e87e2c14c3e52d6139b1c3fa0813d373ad4f9e9708,2021-05,City of London Police,City of London Police,-0.094468,51.521853,On or near Golden Lane,E01000003,City of London 001C,Violence and sexual offences,Status update unavailable,
,2021-05,City of London Police,City of London Police,-0.075146,51.513435,On or near Bus/Coach Station,E01000005,City of London 001E,Anti-social behaviour,,
,2021-05,City of London Police,City of London Police,-0.073065,51.511180,On or near Goodman'S Yard,E01000005,City of London 001E,Anti-social behaviour,,
,2021-05,City of London Police,City of London Police,-0.073254,51.512856,On or near Mansell Street,E01000005,City of London 001E,Anti-social behaviour,,
,2021-05,City of London Police,City of London Police,-0.073152,51.512206,On or near Mansell Street,E01000005,City of London 001E,Anti-social behaviour,,
,2021-05,City of London Police,City of London Police,-0.075146,51.513435,On or near Bus/Coach Station,E01000005,City of London 001E,Anti-social behaviour,,
091b751b08c474bd697132aebb67000682d872a0e623957bc7707ed86f9ae6b9,2021-05,City of London Police,City of London Police,-0.076270,51.515504,On or near Gravel Lane,E01000005,City of London 001E,Bicycle theft,Investigation complete; no suspect identified,
bb75204617b03294e54602e57618872832b60d33d73eb35cbbafe0b2415bb2ce,2021-05,City of London Police,City of London Police,-0.077392,51.516233,On or near Harrow Place,E01000005,City of London 001E,Bicycle theft,Investigation complete; no suspect identified,
ad63b8310ee383af9b4028e2e00ddf40f10e16a6f1271881ee6a05cf7071e981,2021-05,City of London Police,City of London Police,-0.076592,51.514367,On or near Pedestrian Subway,E01000005,City of London 001E,Burglary,Unable to prosecute suspect,
428528d6e9ec178bdb91524d3f4d77e7c95a1ff31eccd934c2865922d2c7d4dc,2021-05,City of London Police,City of London Police,-0.073254,51.512856,On or near Mansell Street,E01000005,City of London 001E,Drugs,Status update unavailable,
5d6ab3c448b458288235d9a463c7433e0d784b0c705529386c0d084e2ed705d0,2021-05,City of London Police,City of London Police,-0.076592,51.514367,On or near Pedestrian Subway,E01000005,City of London 001E,Drugs,Status update unavailable,
cadcae20747f1737b11c334d229543944bc37ae904f4ca25ed62eaf932c842e1,2021-05,City of London Police,City of London Police,-0.076095,51.512462,On or near Vine Street,E01000005,City of London 001E,Drugs,Offender given a drugs possession warning,
d9935d26f7e873ceb717bb9fe87f4c55e3757002290619497ae449747d8e23e6,2021-05,City of London Police,City of London Police,-0.073254,51.512856,On or near Mansell Street,E01000005,City of London 001E,Drugs,Offender given a drugs possession warning,
76d688939c3d7b7a9c5082f843c94941e40c2bdebf0f70b5ac49cc9d33743e11,2021-05,City of London Police,City of London Police,-0.076095,51.512462,On or near Vine Street,E01000005,City of London 001E,Drugs,Offender given a drugs possession warning,
575090deb9487b714345e281625fef2029f7d04bfe92e988539e8f4ce548950d,2021-05,City of London Police,City of London Police,-0.075722,51.511053,On or near Crescent,E01000005,City of London 001E,Drugs,Awaiting court outcome,
da1a88717054f5073895af2fc91d8855bab686a29eed6b964abaa02c6670c6a7,2021-05,City of London Police,City of London Police,-0.076095,51.512462,On or near Vine Street,E01000005,City of London 001E,Drugs,Status update unavailable,
779873e1c42850c1587834f0c7ff469e9aff0978b47f4da1f0ef0f1e40a3f8bb,2021-05,City of London Police,City of London Police,-0.076435,51.513627,On or near Aldgate,E01000005,City of London 001E,Other theft,Investigation complete; no suspect identified,
d88ced0f5c05c08a51c6aa08b04183768d9aee72d700b56d740dad820e7ae808,2021-05,City of London Police,City of London Police,-0.076592,51.514367,On or near Pedestrian Subway,E01000005,City of London 001E,Other theft,Investigation complete; no suspect identified,
180ef5a89f00be2ab331c9e5a28312e325305ced76bb5f80abaa4cd2589056aa,2021-05,City of London Police,City of London Police,-0.078806,51.516193,On or near Devonshire Square,E01000005,City of London 001E,Other theft,Status update unavailable,
83110ed9a870ee4888d491a47513fda88792aebb496f69400bb2a5d7d68e8e46,2021-05,City of London Police,City of London Police,-0.076592,51.514367,On or near Pedestrian Subway,E01000005,City of London 001E,Other theft,Investigation complete; no suspect identified,
127293960adff6f0fb31ab662569bd7e8b19103c11683eddf4d2a9665657e811,2021-05,City of London Police,City of London Police,-0.077224,51.516122,On or near Shopping Area,E01000005,City of London 001E,Other theft,Investigation complete; no suspect identified,
b3dfacfb256ce73fae89fb9561aed92a65d93b539a8dff03a9c4dd3bead7a433,2021-05,City of London Police,City of London Police,-0.076592,51.514367,On or near Pedestrian Subway,E01000005,City of London 001E,Other theft,Investigation complete; no suspect identified,
dac5d7009d7e898e9205ca130b8132aa3cf02623d4d3f9cc91af56ef6325290b,2021-05,City of London Police,City of London Police,-0.073152,51.512206,On or near Mansell Street,E01000005,City of London 001E,Public order,Status update unavailable,
2b3298097a100c45ea7b2def03879b2fa48ccc90b83472fc8f35d5d35c4dc8cf,2021-05,City of London Police,City of London Police,-0.075146,51.513435,On or near Bus/Coach Station,E01000005,City of London 001E,Public order,Investigation complete; no suspect identified,
60287801b374b745cc9ab5b7359d048dc21effbfa117e558f6e7097fa78b33e2,2021-05,City of London Police,City of London Police,-0.073065,51.511180,On or near Goodman'S Yard,E01000005,City of London 001E,Public order,Unable to prosecute suspect,
b17cc8ece79540ca2c6607e00dad2ae98796932872022ce884ca45448c3306cb,2021-05,City of London Police,City of London Police,-0.075722,51.511053,On or near Crescent,E01000005,City of London 001E,Theft from the person,Investigation complete; no suspect identified,
4c883ede3035dfd8ad20b3d28096d0b3f7a9d11d75260527e54d4895e4bb790e,2021-05,City of London Police,City of London Police,-0.074958,51.514151,On or near Aldgate High Street,E01000005,City of London 001E,Theft from the person,Status update unavailable,
3c089112088721df4309b2ec56d4138a3eb998a5025118905f748ee6f04e82b5,2021-05,City of London Police,City of London Police,-0.076435,51.513627,On or near Aldgate,E01000005,City of London 001E,Violence and sexual offences,Unable to prosecute suspect,
bf759d8f4a437d34baef3ec410563e37c339eb4497d8fd67989689c1bda44cfe,2021-05,City of London Police,City of London Police,-0.074210,51.511711,On or near Portsoken Street,E01000005,City of London 001E,Violence and sexual offences,Offender given a caution,
adc739e99c835f2d5b417552f354e5433e8b5ee455e9f25d7a86e5f81e8586eb,2021-05,City of London Police,City of London Police,-0.075722,51.511053,On or near Crescent,E01000005,City of London 001E,Violence and sexual offences,Investigation complete; no suspect identified,
b9a03a38a0f917b98f3317c35cebd13dc188e01a70d3dc0c5fe14deb14c1819d,2021-05,City of London Police,City of London Police,-0.073065,51.511180,On or near Goodman'S Yard,E01000005,City of London 001E,Violence and sexual offences,Unable to prosecute suspect,
779e612a9b576a04bcd2eacd0d7abb5eeda5289ea7ffa73e683bb14089995766,2021-05,City of London Police,City of London Police,-0.076435,51.513627,On or near Aldgate,E01000005,City of London 001E,Other crime,Status update unavailable,
,2021-05,City of London Police,City of London Police,-0.082458,51.517431,On or near Liverpool Street,E01032739,City of London 001F,Anti-social behaviour,,
,2021-05,City of London Police,City of London Police,-0.085833,51.513952,On or near Finch Lane,E01032739,City of London 001F,Anti-social behaviour,,
,2021-05,City of London Police,City of London Police,-0.083296,51.517058,On or near Old Broad Street,E01032739,City of London 001F,Anti-social behaviour,,
,2021-05,City of London Police,City of London Police,-0.096385,51.510787,On or near Gardners Lane,E01032739,City of London 001F,Anti-social behaviour,,
,2021-05,City of London Police,City of London Police,-0.092865,51.510182,On or near Parking Area,E01032739,City of London 001F,Anti-social behaviour,,
,2021-05,City of London Police,City of London Police,-0.101073,51.513453,On or near Creed Lane,E01032739,City of London 001F,Anti-social behaviour,,
,2021-05,City of London Police,City of London Police,-0.083645,51.512504,On or near Lime Street Passage,E01032739,City of London 001F,Anti-social behaviour,,
,2021-05,City of London Police,City of London Police,-0.098777,51.512526,On or near Knightrider Street,E01032739,City of London 001F,Anti-social behaviour,,
,2021-05,City of London Police,City of London Police,-0.080034,51.513389,On or near Leadenhall Street,E01032739,City of London 001F,Anti-social behaviour,,
,2021-05,City of London Police,City of London Police,-0.096814,51.512952,On or near St Paul'S Church Yard,E01032739,City of London 001F,Anti-social behaviour,,
,2021-05,City of London Police,City of London Police,-0.082458,51.517431,On or near Liverpool Street,E01032739,City of London 001F,Anti-social behaviour,,
,2021-05,City of London Police,City of London Police,-0.085149,51.517196,On or near Blomfield Street,E01032739,City of London 001F,Anti-social behaviour,,
,2021-05,City of London Police,City of London Police,-0.083296,51.517058,On or near Old Broad Street,E01032739,City of London 001F,Anti-social behaviour,,
,2021-05,City of London Police,City of London Police,-0.079674,51.514409,On or near Bury Street,E01032739,City of London 001F,Anti-social behaviour,,
,2021-05,City of London Police,City of London Police,-0.098777,51.512526,On or near Knightrider Street,E01032739,City of London 001F,Anti-social behaviour,,
,2021-05,City of London Police,City of London Police,-0.077694,51.513171,On or near Aldgate,E01032739,City of London 001F,Anti-social behaviour,,
,2021-05,City of London Police,City of London Police,-0.088203,51.518262,On or near Moorgate,E01032739,City of London 001F,Anti-social behaviour,,
,2021-05,City of London Police,City of London Police,-0.083506,51.509993,On or near St Mary At Hill,E01032739,City of London 001F,Anti-social behaviour,,
,2021-05,City of London Police,City of London Police,-0.083506,51.509993,On or near St Mary At Hill,E01032739,City of London 001F,Anti-social behaviour,,
,2021-05,City of London Police,City of London Police,-0.082458,51.517431,On or near Liverpool Street,E01032739,City of London 001F,Anti-social behaviour,,
,2021-05,City of London Police,City of London Police,-0.082458,51.517431,On or near Liverpool Street,E01032739,City of London 001F,Anti-social behaviour,,
,2021-05,City of London Police,City of London Police,-0.081620,51.516814,On or near Alderman'S Walk,E01032739,City of London 001F,Anti-social behaviour,,
,2021-05,City of London Police,City of London Police,-0.082458,51.517431,On or near Liverpool Street,E01032739,City of London 001F,Anti-social behaviour,,
,2021-05,City of London Police,City of London Police,-0.082458,51.517431,On or near Liverpool Street,E01032739,City of London 001F,Anti-social behaviour,,
,2021-05,City of London Police,City of London Police,-0.082458,51.517431,On or near Liverpool Street,E01032739,City of London 001F,Anti-social behaviour,,
,2021-05,City of London Police,City of London Police,-0.082458,51.517431,On or near Liverpool Street,E01032739,City of London 001F,Anti-social behaviour,,
,2021-05,City of London Police,City of London Police,-0.082458,51.517431,On or near Liverpool Street,E01032739,City of London 001F,Anti-social behaviour,,
,2021-05,City of London Police,City of London Police,-0.081620,51.516814,On or near Alderman'S Walk,E01032739,City of London 001F,Anti-social behaviour,,
,2021-05,City of London Police,City of London Police,-0.081620,51.516814,On or near Alderman'S Walk,E01032739,City of London 001F,Anti-social behaviour,,
,2021-05,City of London Police,City of London Police,-0.084983,51.510494,On or near Supermarket,E01032739,City of London 001F,Anti-social behaviour,,
,2021-05,City of London Police,City of London Police,-0.082458,51.517431,On or near Liverpool Street,E01032739,City of London 001F,Anti-social behaviour,,
,2021-05,City of London Police,City of London Police,-0.081549,51.511625,On or near Mincing Lane,E01032739,City of London 001F,Anti-social behaviour,,
,2021-05,City of London Police,City of London Police,-0.081620,51.516814,On or near Alderman'S Walk,E01032739,City of London 001F,Anti-social behaviour,,
,2021-05,City of London Police,City of London Police,-0.092865,51.510182,On or near Parking Area,E01032739,City of London 001F,Anti-social behaviour,,
,2021-05,City of London Police,City of London Police,-0.092077,51.512147,On or near Tower Royal,E01032739,City of London 001F,Anti-social behaviour,,
,2021-05,City of London Police,City of London Police,-0.082458,51.517431,On or near Liverpool Street,E01032739,City of London 001F,Anti-social behaviour,,
,2021-05,City of London Police,City of London Police,-0.082458,51.517431,On or near Liverpool Street,E01032739,City of London 001F,Anti-social behaviour,,
,2021-05,City of London Police,City of London Police,-0.104494,51.509848,On or near A201,E01032739,City of London 001F,Anti-social behaviour,,
,2021-05,City of London Police,City of London Police,-0.084723,51.514986,On or near Conference/Exhibition Centre,E01032739,City of London 001F,Anti-social behaviour,,
,2021-05,City of London Police,City of London Police,-0.082913,51.513463,On or near Leadenhall Street,E01032739,City of London 001F,Anti-social behaviour,,
,2021-05,City of London Police,City of London Police,-0.077777,51.518046,On or near Sandy'S Row,E01032739,City of London 001F,Anti-social behaviour,,
,2021-05,City of London Police,City of London Police,-0.096814,51.512952,On or near St Paul'S Church Yard,E01032739,City of London 001F,Anti-social behaviour,,
,2021-05,City of London Police,City of London Police,-0.093493,51.513447,On or near Bow Lane,E01032739,City of London 001F,Anti-social behaviour,,
d07e9f8961ee9802f4e52a8b11fe75f70ceec117f5e8515a27aeb1125a62a17e,2021-05,City of London Police,City of London Police,-0.081620,51.516814,On or near Alderman'S Walk,E01032739,City of London 001F,Bicycle theft,Investigation complete; no suspect identified,
fd19cacfa1e6eb3d5eee538f339bcb3121b1b9fa33282e05fe3c8fe9f771dad4,2021-05,City of London Police,City of London Police,-0.080318,51.520678,On or near Primrose Street,E01032739,City of London 001F,Bicycle theft,Investigation complete; no suspect identified,
a771c47ae912fcaa4ca658576ee3cdb2e89dd97deaec5cc2e0590e213bf7e176,2021-05,City of London Police,City of London Police,-0.081516,51.510014,On or near Great Tower Street,E01032739,City of London 001F,Bicycle theft,Investigation complete; no suspect identified,
ee418284389253105438395d4a56485f08ec6dbb7c28af585de7c01e40f3b6c2,2021-05,City of London Police,City of London Police,-0.079674,51.514409,On or near Bury Street,E01032739,City of London 001F,Bicycle theft,Awaiting court outcome,
e1b698bceda4b9f966bbc534d548faf36faebabdd7b693c8b5d6cfa363f7dc95,2021-05,City of London Police,City of London Police,-0.101073,51.513453,On or near Creed Lane,E01032739,City of London 001F,Bicycle theft,Status update unavailable,
05c5298a307b14bc40af250871800887e4fbe50a7c8dcf5ad95a2cf28328898e,2021-05,City of London Police,City of London Police,-0.078856,51.518433,On or near Artillery Lane,E01032739,City of London 001F,Bicycle theft,Investigation complete; no suspect identified,
62e8d493f7adffd26f99c99fb4233df0d587f5f640c2bd92a7e499cc5e0921b2,2021-05,City of London Police,City of London Police,-0.081620,51.516814,On or near Alderman'S Walk,E01032739,City of London 001F,Bicycle theft,Investigation complete; no suspect identified,
563c448e4f8c4684856f6584151eaf3f5c23815d22653ae3cd6ee0128e6a2f91,2021-05,City of London Police,City of London Police,-0.084967,51.512598,On or near Bell Inn Yard,E01032739,City of London 001F,Bicycle theft,Investigation complete; no suspect identified,
a2c10403c19313c543291cda85c78b949a47aaa67fecb1a6cdbcfe7c0a01d1f2,2021-05,City of London Police,City of London Police,-0.086278,51.509876,On or near Fish Street Hill,E01032739,City of London 001F,Bicycle theft,Investigation complete; no suspect identified,
8b02bc3bb59b6d1ac424a17ec3048439cad3713533fb218a282b3769a34af009,2021-05,City of London Police,City of London Police,-0.076853,51.511916,On or near Nightclub,E01032739,City of London 001F,Bicycle theft,Investigation complete; no suspect identified,
f54c5f2f04183f4329ea62898ce5722c894e0f2700d565c0392febaf42431539,2021-05,City of London Police,City of London Police,-0.084201,51.510949,On or near Philpot Lane,E01032739,City of London 001F,Burglary,Unable to prosecute suspect,
60877b989cb034055196cb5c8e3782b206ea66affd8627a98e56b6317e69cd52,2021-05,City of London Police,City of London Police,-0.100202,51.513268,On or near Dean'S Court,E01032739,City of London 001F,Burglary,Investigation complete; no suspect identified,
2116c211a27941c2f3c35b7e8293ae24131682b82f4b262b04a41a5a17c15aff,2021-05,City of London Police,City of London Police,-0.101959,51.513297,On or near Carter Lane,E01032739,City of London 001F,Burglary,Investigation complete; no suspect identified,
a1686198607825d5b604d6f35737ec938764c30748d3eddb856f2f12bca279f9,2021-05,City of London Police,City of London Police,-0.092865,51.510182,On or near Parking Area,E01032739,City of London 001F,Burglary,Investigation complete; no suspect identified,
9801e06e9b83dae7e132550b39b94c0198e0815027627eb384ea0dbfa17b48a0,2021-05,City of London Police,City of London Police,-0.083079,51.511578,On or near Fenchurch Street,E01032739,City of London 001F,Burglary,Investigation complete; no suspect identified,
6cb8d0bc63e2f685e05d810dd227eeb3019e42c0bdab8e58c1ff7f688adff2b1,2021-05,City of London Police,City of London Police,-0.083755,51.514358,On or near Threadneedle Street,E01032739,City of London 001F,Burglary,Unable to prosecute suspect,
e48570defc6afa9366a48121a86872a57375000e8ead440763ae4c275afad561,2021-05,City of London Police,City of London Police,-0.080665,51.509344,On or near Pedestrian Subway,E01032739,City of London 001F,Criminal damage and arson,Unable to prosecute suspect,
8a1fe0b86ef8fd0ccfeee2e27366ab48db5ec3a9c72805eea3a3e3fcfa55556c,2021-05,City of London Police,City of London Police,-0.078488,51.517923,On or near Middlesex Street,E01032739,City of London 001F,Criminal damage and arson,Status update unavailable,
52879c9b13da58ad2257b1130b77a6758c0677b6156eb596e33673620c633cab,2021-05,City of London Police,City of London Police,-0.090710,51.513132,On or near Queen Victoria Street,E01032739,City of London 001F,Criminal damage and arson,Investigation complete; no suspect identified,
23f47b4b344e2f7f148d0dead17a724692f9206506fefde36201efb196d9acd0,2021-05,City of London Police,City of London Police,-0.086051,51.513569,On or near Finch Lane,E01032739,City of London 001F,Criminal damage and arson,Status update unavailable,
baa9c295953d2e425b99a231cc056a9ce1475c6c1c37d482901f90e1002b08d0,2021-05,City of London Police,City of London Police,-0.082628,51.518189,On or near Sun Street Passage,E01032739,City of London 001F,Criminal damage and arson,Investigation complete; no suspect identified,
15923468a68b094a7e316adbebf6f5dbaf05b75c44d57137bbd6e0373eb1e138,2021-05,City of London Police,City of London Police,-0.089451,51.517032,On or near Bus/Coach Station,E01032739,City of London 001F,Criminal damage and arson,Unable to prosecute suspect,
b2b454a307306cbd1967aeb8d3da7d0264478efc7ef692d687bda2165c31619a,2021-05,City of London Police,City of London Police,-0.077578,51.510795,On or near Pepys Street,E01032739,City of London 001F,Criminal damage and arson,Unable to prosecute suspect,
da745899dfada58cadd73fff199223e82861836deb5c069eca1e474ad48fc92a,2021-05,City of London Police,City of London Police,-0.084284,51.510671,On or near Eastcheap,E01032739,City of London 001F,Drugs,Status update unavailable,
5b24ff3a3f1cd5f4e5090c60f98a9b1e9d44c97b75084a8fff705aa27524fc71,2021-05,City of London Police,City of London Police,-0.094628,51.514203,On or near Cheapside,E01032739,City of London 001F,Drugs,Status update unavailable,
28a595e20baa3de0c7173b5087b38d5416e1777c06a6b4b1b2585414fc92949e,2021-05,City of London Police,City of London Police,-0.081620,51.516814,On or near Alderman'S Walk,E01032739,City of London 001F,Drugs,Status update unavailable,
13670fd9e8803987d6b755f1e0c268361bf774bf6c086d615ea574c88a9203d1,2021-05,City of London Police,City of London Police,-0.087760,51.517149,On or near London Wall,E01032739,City of London 001F,Drugs,Offender given a drugs possession warning,
d193cd77d93dbfe6ebfa6d67782b3f42c47eb357a2c99377d3ed48b9a2accd45,2021-05,City of London Police,City of London Police,-0.092865,51.510182,On or near Parking Area,E01032739,City of London 001F,Drugs,Awaiting court outcome,
792259601b9edc431520829ff2ad51405c6e764ea4595523dce13f15c2a5487e,2021-05,City of London Police,City of London Police,-0.080376,51.517244,On or near Supermarket,E01032739,City of London 001F,Drugs,Status update unavailable,
d778c7ebc0a98b7c7e45fe7362c0b88b8c1f3ef6026a28e28031d07f858acc47,2021-05,City of London Police,City of London Police,-0.101452,51.512650,On or near St Andrew'S Hill,E01032739,City of London 001F,Drugs,Offender given a drugs possession warning,
6c1333e2dfc5ae2285aad8d0fc4409e9371281e6ba70c3fb5dae7be04f958eee,2021-05,City of London Police,City of London Police,-0.085257,51.511200,On or near Talbot Court,E01032739,City of London 001F,Drugs,Offender given a drugs possession warning,
a9f45731cbab0d857dffa69445dfe20a761ec7039e6a85ac9c4fa52baab8a2b2,2021-05,City of London Police,City of London Police,-0.082722,51.518029,On or near Pedestrian Subway,E01032739,City of London 001F,Drugs,Awaiting court outcome,
1013c8db2b552fb159b35a815658682348b7f81190ac1cdeadfd5e0f20a59f53,2021-05,City of London Police,City of London Police,-0.088843,51.509532,On or near Parking Area,E01032739,City of London 001F,Drugs,Offender given a drugs possession warning,
61131242a05e71248d06ef0eb4e1b56934509a00a74cacbd9ee669d59ee7f540,2021-05,City of London Police,City of London Police,-0.082965,51.516351,On or near Wormwood Street,E01032739,City of London 001F,Drugs,Formal action is not in the public interest,
be4931e5d12f3921524faef63f33df11773d0fd4d47c99a6c25a734632545a29,2021-05,City of London Police,City of London Police,-0.081620,51.516814,On or near Alderman'S Walk,E01032739,City of London 001F,Drugs,Offender given a drugs possession warning,
e0e1b6b635957517f42e2aac9a03d7b5d0130ee811fc01ebdf95766289530ff5,2021-05,City of London Police,City of London Police,-0.087549,51.514276,On or near Bartholomew Lane,E01032739,City of London 001F,Drugs,Offender given a drugs possession warning,
936097f7c2842d8ea6dbf6ada34e8cbb420ae21ee0307f3681aba533ca8c5121,2021-05,City of London Police,City of London Police,-0.082965,51.516351,On or near Wormwood Street,E01032739,City of London 001F,Drugs,Offender given penalty notice,
024645110b73d2fb4bb90a5ef8a68604b7ff74259d7bcd6c58225cc7d6422dae,2021-05,City of London Police,City of London Police,-0.081620,51.516814,On or near Alderman'S Walk,E01032739,City of London 001F,Drugs,Status update unavailable,
4ba8653696f005e0fbd8dfaf9c05e7b5da287fb2d5a250ad98af17bb0ef5ecd7,2021-05,City of London Police,City of London Police,-0.083386,51.509757,On or near St Dunstan'S Lane,E01032739,City of London 001F,Drugs,Offender given a drugs possession warning,
8942d898be56da033f924d41131f003c9832ddd32b179b5b557bb6f3e5b6c001,2021-05,City of London Police,City of London Police,-0.100179,51.514158,On or near Shopping Area,E01032739,City of London 001F,Drugs,Offender given a drugs possession warning,
64594c890db3d6dfa702bbc51d82c3cf6c78028de673b2233a96b1b69dc17f61,2021-05,City of London Police,City of London Police,-0.082965,51.516351,On or near Wormwood Street,E01032739,City of London 001F,Drugs,Offender given a drugs possession warning,
74ec8f3aae66c491a1680c594e40044f7de968f395f2b9e5edd18eb24adc5a74,2021-05,City of London Police,City of London Police,-0.104494,51.509848,On or near A201,E01032739,City of London 001F,Drugs,Status update unavailable,
9c8eab94ecffc8d5ce6143efe69b457b386dd62b921a575b3565e0d5e8dbec2b,2021-05,City of London Police,City of London Police,-0.104494,51.509848,On or near A201,E01032739,City of London 001F,Drugs,Awaiting court outcome,
a7dcb788a11f51ce66fb6507c7cd1067b62231ae9dd5b4ed9ac8a18888695cd8,2021-05,City of London Police,City of London Police,-0.082458,51.517431,On or near Liverpool Street,E01032739,City of London 001F,Drugs,Offender given a caution,
4d095e8a40138729433b33e4e101a7b56841ddd2f89cc5fa45dc61857e5ff103,2021-05,City of London Police,City of London Police,-0.087780,51.508066,On or near Borough High Street,E01032739,City of London 001F,Drugs,Offender given a drugs possession warning,
df5dece1c336cfcd159071015591c83f8f4134670677399b8946798c3f545119,2021-05,City of London Police,City of London Police,-0.081620,51.516814,On or near Alderman'S Walk,E01032739,City of London 001F,Drugs,Offender given a drugs possession warning,
687bfcf0e604f3b5dfaa8694f403e7363178b26f8bd2af24c639779ff53eeda6,2021-05,City of London Police,City of London Police,-0.087549,51.514276,On or near Bartholomew Lane,E01032739,City of London 001F,Drugs,Unable to prosecute suspect,
aa2824258a8d07cbfc7b43ac52ed1776245f04d5b352d7c1fe2273c6744ff4d0,2021-05,City of London Police,City of London Police,-0.087780,51.508066,On or near Borough High Street,E01032739,City of London 001F,Other theft,Investigation complete; no suspect identified,
1434a166e0960a620d3bd61834d4577f3915a8ce4891e6a5cb788847314e832a,2021-05,City of London Police,City of London Police,-0.081516,51.510014,On or near Great Tower Street,E01032739,City of London 001F,Other theft,Formal action is not in the public interest,
1266f74320d6cc759db7f264ec7e18e324dfdec4d8077bc2945b11a4fa95b2ee,2021-05,City of London Police,City of London Police,-0.087086,51.512596,On or near Lombard Street,E01032739,City of London 001F,Other theft,Investigation complete; no suspect identified,
d6e6a50ebdd4227810ec0b5ef49fd86358a3049fd50f58e55a20bd8d4923869e,2021-05,City of London Police,City of London Police,-0.085257,51.511200,On or near Talbot Court,E01032739,City of London 001F,Other theft,Formal action is not in the public interest,
e7956b954d119858d3480511d1be7c057fb2b425e02ebefd1ef9a92a8df65250,2021-05,City of London Police,City of London Police,-0.077694,51.513171,On or near Aldgate,E01032739,City of London 001F,Other theft,Status update unavailable,
f28bbbb98febe21f5eac8dfc5a9b2f94a8b3d67d738e06314688906422b6acb1,2021-05,City of London Police,City of London Police,-0.085173,51.518680,On or near Finsbury Avenue,E01032739,City of London 001F,Other theft,Status update unavailable,
8cf1646a59ef7f18c1ad7162e905c62a046f76f99b5c4646d69af6a9a5eaa64f,2021-05,City of London Police,City of London Police,-0.081549,51.511625,On or near Mincing Lane,E01032739,City of London 001F,Other theft,Investigation complete; no suspect identified,
3c8a56d839caa8b5cf8faa348168f0da07b2edb85008b552c327ff9847f74758,2021-05,City of London Police,City of London Police,-0.078665,51.509950,On or near Muscovy Street,E01032739,City of London 001F,Other theft,Unable to prosecute suspect,
a6197354ddd83166486a1d348db8795def762c3fba11151894a73f22080aac93,2021-05,City of London Police,City of London Police,-0.100748,51.515031,On or near Warwick Lane,E01032739,City of London 001F,Other theft,Investigation complete; no suspect identified,
c97ca4d413514f26cdc1a27db5e49da5dcca59058e9719888fae9d0bcce87477,2021-05,City of London Police,City of London Police,-0.081540,51.510806,On or near Mincing Lane,E01032739,City of London 001F,Other theft,Investigation complete; no suspect identified,
f18e51b87a3620741544baef9db9394767dacba49c1f7c0242c87ccf6d38808a,2021-05,City of London Police,City of London Police,-0.085257,51.511200,On or near Talbot Court,E01032739,City of London 001F,Other theft,Investigation complete; no suspect identified,
1fb8a951b95b50fe7ce188772d26755a2316fa8dfb99cf21a65db4f4b1cfa48d,2021-05,City of London Police,City of London Police,-0.087780,51.508066,On or near Borough High Street,E01032739,City of London 001F,Other theft,Investigation complete; no suspect identified,
ccd232b9531d41780dd38f12cfde5b462ec7efb9f3aad971a69634203c230292,2021-05,City of London Police,City of London Police,-0.085257,51.511200,On or near Talbot Court,E01032739,City of London 001F,Other theft,Investigation complete; no suspect identified,
b539075dca1dd2a5cbcdc135428caf441925eef1939323f5694aaca0b6a0641d,2021-05,City of London Police,City of London Police,-0.090506,51.513524,On or near Poultry,E01032739,City of London 001F,Other theft,Investigation complete; no suspect identified,
3364828c5c256ab153dd0807096768e739b4e7c3d9005daf9a11b80731e980b1,2021-05,City of London Police,City of London Police,-0.087780,51.508066,On or near Borough High Street,E01032739,City of London 001F,Possession of weapons,Status update unavailable,
f61a5cd71821d04b95b369411a8935139f926f45ab79a8efd0ea9297f1745397,2021-05,City of London Police,City of London Police,-0.081620,51.516814,On or near Alderman'S Walk,E01032739,City of London 001F,Possession of weapons,Status update unavailable,
5d750af33c176e86ad20af18fc83079ccba48dd549a8391c1131f783ffe55cbc,2021-05,City of London Police,City of London Police,-0.083386,51.509757,On or near St Dunstan'S Lane,E01032739,City of London 001F,Public order,Status update unavailable,
76fe5e44a94b8ce2ac141b952f9d0a994e9e946fc365abb308d2f1c69a9e43cc,2021-05,City of London Police,City of London Police,-0.081580,51.520510,On or near Pindar Street,E01032739,City of London 001F,Public order,Investigation complete; no suspect identified,
0fd93a09a35ad10f02aefb577894bc743cba2024423252db08019a03118eda10,2021-05,City of London Police,City of London Police,-0.081890,51.515173,On or near St Helen'S Place,E01032739,City of London 001F,Public order,Status update unavailable,
dc7ff28fa469d5cb2c4d66b89e16ea5836bbefbb28886118e4321cde15ac72b4,2021-05,City of London Police,City of London Police,-0.084967,51.512598,On or near Bell Inn Yard,E01032739,City of London 001F,Public order,Status update unavailable,
02e10f4b8274e85558af557a303de19e4aa8a757f710d967c2cd1901b4c39572,2021-05,City of London Police,City of London Police,-0.078856,51.518433,On or near Artillery Lane,E01032739,City of London 001F,Public order,Further investigation is not in the public interest,
e9acc8c9ced41e8737faacde477fa0b594289c4e82ddc25603ae78d31711ba7b,2021-05,City of London Police,City of London Police,-0.082965,51.516351,On or near Wormwood Street,E01032739,City of London 001F,Public order,Investigation complete; no suspect identified,
11e0606875c94874b5161ca6aa0c432a9ab4fdfb4a86a08919abb4f6d702a878,2021-05,City of London Police,City of London Police,-0.094628,51.514203,On or near Cheapside,E01032739,City of London 001F,Public order,Status update unavailable,
81d249e6225d1fb3698e5c2980722282ba2af7b55d6f5b6b3c0c026c0470283f,2021-05,City of London Police,City of London Police,-0.096900,51.510868,On or near Broken Wharf,E01032739,City of London 001F,Public order,Unable to prosecute suspect,
d06c3dc5c0079b871197ef29ecbf88cddb6789cc2b233e0faa8bd1a2275bf28e,2021-05,City of London Police,City of London Police,-0.079786,51.517576,On or near Police Station,E01032739,City of London 001F,Public order,Status update unavailable,
2e2d6326e17ebc29a875e8df73354afbaf0ed6aeb7e221936e5f18993e8659ec,2021-05,City of London Police,City of London Police,-0.086550,51.512651,On or near Birchin Lane,E01032739,City of London 001F,Public order,Formal action is not in the public interest,
e80a8d007dad2940b69e7dc00aead585c66da58db05241329b16a8610babdd3d,2021-05,City of London Police,City of London Police,-0.094628,51.514203,On or near Cheapside,E01032739,City of London 001F,Public order,Unable to prosecute suspect,
e3319d4a9e7a38f53528b6fa9b916c1c6382384ff7d6d6c71a86c96130287163,2021-05,City of London Police,City of London Police,-0.094628,51.514203,On or near Cheapside,E01032739,City of London 001F,Public order,Unable to prosecute suspect,
072f9eabbef3e967acb26c3d8c9f3e8d0423484daaa334b6e037d32da9d2c308,2021-05,City of London Police,City of London Police,-0.081620,51.516814,On or near Alderman'S Walk,E01032739,City of London 001F,Robbery,Investigation complete; no suspect identified,
5afe87f107ad2963ab9c0781466436a2313520849ee802de30fe291c1d09131b,2021-05,City of London Police,City of London Police,-0.083993,51.511440,On or near Philpot Lane,E01032739,City of London 001F,Robbery,Status update unavailable,
64bae1b34ae39db78466108073a297932968a780fa03df3b1d8ab83e6f0bb27d,2021-05,City of London Police,City of London Police,-0.088042,51.511794,On or near Abchurch Lane,E01032739,City of London 001F,Robbery,Investigation complete; no suspect identified,
eea4cf69cb55d58bf230f766980b7c51b98168fc7653197cbedf5d528376977d,2021-05,City of London Police,City of London Police,-0.096561,51.514513,On or near Cheapside,E01032739,City of London 001F,Shoplifting,Status update unavailable,
64a199f7e9ad30dbfcb98206dcbd0a3bd0d155e132984e423eedcff92df56621,2021-05,City of London Police,City of London Police,-0.080376,51.517244,On or near Supermarket,E01032739,City of London 001F,Shoplifting,Investigation complete; no suspect identified,
6e7238fa5340d34855da2d22c514b98332735066645f2dc95beeff62ab9ecf66,2021-05,City of London Police,City of London Police,-0.094628,51.514203,On or near Cheapside,E01032739,City of London 001F,Shoplifting,Unable to prosecute suspect,
06564fe9306e53be06a1226b01f3f68f550875fe0fb9edc78b7b43ceb419e8d7,2021-05,City of London Police,City of London Police,-0.083296,51.517058,On or near Old Broad Street,E01032739,City of London 001F,Shoplifting,Investigation complete; no suspect identified,
98a1ff1fc04ab4dd12cc6115bab6917da0498299c1a45bfa0379c71e11276554,2021-05,City of London Police,City of London Police,-0.084967,51.512598,On or near Bell Inn Yard,E01032739,City of London 001F,Shoplifting,Status update unavailable,
c2c4d655e436906444ce8f5503b32c20182907fdff891662b4b410bef634e694,2021-05,City of London Police,City of London Police,-0.084967,51.512598,On or near Bell Inn Yard,E01032739,City of London 001F,Shoplifting,Status update unavailable,
242f49b115a37e77b110124bcf78068889cf27e73944615484863b553f2fdc82,2021-05,City of London Police,City of London Police,-0.086166,51.510828,On or near Eastcheap,E01032739,City of London 001F,Shoplifting,Investigation complete; no suspect identified,
5564173f769f81bcaa7cf5d3a341e5d3be291dec55adb065f18f706adcef8fba,2021-05,City of London Police,City of London Police,-0.080376,51.517244,On or near Supermarket,E01032739,City of London 001F,Shoplifting,Status update unavailable,
848a3c261725adb009ecf54784d9856643358b490d38bd6c43c363cbf7363345,2021-05,City of London Police,City of London Police,-0.091084,51.513830,On or near Old Jewry,E01032739,City of London 001F,Shoplifting,Unable to prosecute suspect,
fdea8ad04550b40cd6909b6791edb8d0d132ea0c683dbbd86d17d8eb152bba8a,2021-05,City of London Police,City of London Police,-0.096561,51.514513,On or near Cheapside,E01032739,City of London 001F,Shoplifting,Unable to prosecute suspect,
02507aa46c8e1a5417d1e990409db1c2704389af05b40f0874743468a09928c0,2021-05,City of London Police,City of London Police,-0.084967,51.512598,On or near Bell Inn Yard,E01032739,City of London 001F,Shoplifting,Status update unavailable,
05f2d670d94a31eee720034700de5ce85683e4949f4bb05810a6f993f297d010,2021-05,City of London Police,City of London Police,-0.080376,51.517244,On or near Supermarket,E01032739,City of London 001F,Shoplifting,Awaiting court outcome,
5638f61bc8b1eb2692a81b62c84f93aa161cad49cdc73e9e90bcfaba143efc7b,2021-05,City of London Police,City of London Police,-0.092267,51.511745,On or near Cloak Lane,E01032739,City of London 001F,Shoplifting,Investigation complete; no suspect identified,
ac2199d142619d0da14e9a6a60cda6796ef076ff49019a1aaaa5c3cc6c07d3c9,2021-05,City of London Police,City of London Police,-0.097645,51.515142,On or near St Martin'S Le Grand,E01032739,City of London 001F,Shoplifting,Investigation complete; no suspect identified,
b97f262816a82ed8bdd3f8276d343b778cf32ff2d25029e3b0c0e2289b965f9b,2021-05,City of London Police,City of London Police,-0.084967,51.512598,On or near Bell Inn Yard,E01032739,City of London 001F,Shoplifting,Investigation complete; no suspect identified,
edd8f068b81db0fc8981d7b67e2053007892723ee4cc01f27112416e55403b3f,2021-05,City of London Police,City of London Police,-0.094231,51.511984,On or near Great Trinity Lane,E01032739,City of London 001F,Shoplifting,Investigation complete; no suspect identified,
3a3b5041ec9c50dbd5893f0a19d646055bd6cfc6cd6b002dfdf1bdb6ebd2e6b2,2021-05,City of London Police,City of London Police,-0.080782,51.514804,On or near St Mary Axe,E01032739,City of London 001F,Shoplifting,Status update unavailable,
70d36a1e0a9348d0a4ff5f76176e3d163775641e6a239fd21bacf83b55f630be,2021-05,City of London Police,City of London Police,-0.088203,51.518262,On or near Moorgate,E01032739,City of London 001F,Shoplifting,Awaiting court outcome,
1d4a7089603b51715513b808fc3d3c4c241b4d4e724580de9d63108d32dfa1de,2021-05,City of London Police,City of London Police,-0.096363,51.513377,On or near New Change,E01032739,City of London 001F,Shoplifting,Unable to prosecute suspect,
0c3987c1653f97a0d13ce9362d04d09e9e2f65a95c47871fc272ae45e529bf9e,2021-05,City of London Police,City of London Police,-0.091720,51.513454,On or near Supermarket,E01032739,City of London 001F,Shoplifting,Status update unavailable,
88ca022dcfe1e0321ca48030ea7972223ecafeb2ae98e22ed7e8a100af5fd52d,2021-05,City of London Police,City of London Police,-0.091720,51.513454,On or near Supermarket,E01032739,City of London 001F,Shoplifting,Status update unavailable,
40b4b39df078d1668bf4aa0df5dacfa7dcaa3d5ac8ba85262009fe12e27fa18d,2021-05,City of London Police,City of London Police,-0.083296,51.517058,On or near Old Broad Street,E01032739,City of London 001F,Shoplifting,Investigation complete; no suspect identified,
b946b6624e0f797360a56d458fa6a23ce8fa87d6b805091620f8f130adef3f34,2021-05,City of London Police,City of London Police,-0.084967,51.512598,On or near Bell Inn Yard,E01032739,City of London 001F,Shoplifting,Awaiting court outcome,
6b01ca82e16e40b907d092456765a1ca7d733b4da9569ff83fd6726ccea481f6,2021-05,City of London Police,City of London Police,-0.084967,51.512598,On or near Bell Inn Yard,E01032739,City of London 001F,Shoplifting,Unable to prosecute suspect,
7e89677e6f76abbe3ef2de304c974ba6a67ad77d94b0dbb6bf3e3f639a31bd70,2021-05,City of London Police,City of London Police,-0.080376,51.517244,On or near Supermarket,E01032739,City of London 001F,Shoplifting,Investigation complete; no suspect identified,
337d4020978d423418ecb2223148b1155b6dbf065fb28ec3dd43668963e0b56c,2021-05,City of London Police,City of London Police,-0.081890,51.515173,On or near St Helen'S Place,E01032739,City of London 001F,Shoplifting,Investigation complete; no suspect identified,
d14d371fa0b5d7c2728212da535c6e92abeb6cf1223b558fa9c23884df61609d,2021-05,City of London Police,City of London Police,-0.080376,51.517244,On or near Supermarket,E01032739,City of London 001F,Shoplifting,Awaiting court outcome,
afad029631019ba358f87bc7dd98cf50bad44e6dec5dcab94cb5e02a1a4acbc7,2021-05,City of London Police,City of London Police,-0.088203,51.518262,On or near Moorgate,E01032739,City of London 001F,Shoplifting,Investigation complete; no suspect identified,
a8ae03a55ded8ec778fa05129bb0d34cbb52d3e802e761ff7933d6cfae1b356c,2021-05,City of London Police,City of London Police,-0.104244,51.512749,On or near New Bridge Street,E01032739,City of London 001F,Shoplifting,Investigation complete; no suspect identified,
664bac3f3539abf94504961d4560f6640eecb3762c283774b5e90df725647d00,2021-05,City of London Police,City of London Police,-0.104001,51.513051,On or near Apothecary Street,E01032739,City of London 001F,Shoplifting,Status update unavailable,
76ff5fe0dd99ec7f9a06c324d7035cd7af616c0894078a080d7211df741a4112,2021-05,City of London Police,City of London Police,-0.088203,51.518262,On or near Moorgate,E01032739,City of London 001F,Shoplifting,Status update unavailable,
c23040b3880b102de8b48d40517fba27e2eac5af4a0475e4faab2e8afb088477,2021-05,City of London Police,City of London Police,-0.082527,51.512027,On or near Cullum Street,E01032739,City of London 001F,Shoplifting,Status update unavailable,
9ae2e1f6f4a5c5592a8fdb87bc4ca52a1f26297589a1ad04d28a1f72d02a03e6,2021-05,City of London Police,City of London Police,-0.094720,51.514420,On or near Wood Street,E01032739,City of London 001F,Shoplifting,Investigation complete; no suspect identified,
1096cccc9f46c0362283584856b9e334aee26c4a7592c3c2460001512f119adc,2021-05,City of London Police,City of London Police,-0.084967,51.512598,On or near Bell Inn Yard,E01032739,City of London 001F,Shoplifting,Awaiting court outcome,
5b5effd3da7f490171ee43d0cf30bff770c0a94bce6d7b0729e48de0881409ba,2021-05,City of London Police,City of London Police,-0.084967,51.512598,On or near Bell Inn Yard,E01032739,City of London 001F,Shoplifting,Unable to prosecute suspect,
9652c02f5de438754a36a77ecf40870b2d1f4e3f8b85012408a9e8d5fae84755,2021-05,City of London Police,City of London Police,-0.084967,51.512598,On or near Bell Inn Yard,E01032739,City of London 001F,Shoplifting,Status update unavailable,
14100f52c0f9e79d85d62eba8ac76d5854c7a639f7afbd5ecbadb70d401bd9de,2021-05,City of London Police,City of London Police,-0.096363,51.513377,On or near New Change,E01032739,City of London 001F,Shoplifting,Unable to prosecute suspect,
fc3060660b1d0ae81a2f803f7822b9b1a7676f9fc2621fc5ee804e45db11857d,2021-05,City of London Police,City of London Police,-0.084967,51.512598,On or near Bell Inn Yard,E01032739,City of London 001F,Shoplifting,Status update unavailable,
5632e362cd31d5b4b6ad67b9a23d4edae8768bc6bdba4a88192ff6f614791ac0,2021-05,City of London Police,City of London Police,-0.084967,51.512598,On or near Bell Inn Yard,E01032739,City of London 001F,Shoplifting,Status update unavailable,
2b46500514f8c8f5a01736cd44b91e4c13ba21a5510e88b5680ba898e4376837,2021-05,City of London Police,City of London Police,-0.084251,51.520059,On or near Sun Street,E01032739,City of London 001F,Theft from the person,Investigation complete; no suspect identified,
70fe9a652b6a4b6f40695fb0ce5f8cf6d72b7062e31763a8161829b10c1d7fca,2021-05,City of London Police,City of London Police,-0.081580,51.520510,On or near Pindar Street,E01032739,City of London 001F,Theft from the person,Status update unavailable,
b5ef0311447e6ecb059425fd23e8dcff06df56b56b2315d05a5a823e2bbb5bd5,2021-05,City of London Police,City of London Police,-0.088203,51.518262,On or near Moorgate,E01032739,City of London 001F,Theft from the person,Investigation complete; no suspect identified,
1ce2f7e1227d4239ed28979a9d08227f4aaa9cc30afcb654658dd940ce2a8f60,2021-05,City of London Police,City of London Police,-0.086278,51.509876,On or near Fish Street Hill,E01032739,City of London 001F,Theft from the person,Investigation complete; no suspect identified,
209e867f254efd2fc47bd603242ff70e2c9d75754408302e08bc5d170b5c1539,2021-05,City of London Police,City of London Police,-0.092077,51.512147,On or near Tower Royal,E01032739,City of London 001F,Theft from the person,Investigation complete; no suspect identified,
55e1a97a0aa0bdf7753be26cc68f0706a026a1b7b2e2ade812bc1bcd20983567,2021-05,City of London Police,City of London Police,-0.088473,51.518374,On or near Moor Place,E01032739,City of London 001F,Theft from the person,Awaiting court outcome,
a4cb33bd120da764918159f500c18eba3e1611a8ed4649f262f741a6e97e9774,2021-05,City of London Police,City of London Police,-0.080376,51.517244,On or near Supermarket,E01032739,City of London 001F,Theft from the person,Investigation complete; no suspect identified,
6b6d0eb158f51cab4b3d77de4f06db6c3091aaa4dbb90260e2527863a38b1b38,2021-05,City of London Police,City of London Police,-0.104001,51.513051,On or near Apothecary Street,E01032739,City of London 001F,Theft from the person,Investigation complete; no suspect identified,
3517f26a33e2dd7fa5292af1fac3deed45d2dd7f7f1463c5bf7a90e4dded2521,2021-05,City of London Police,City of London Police,-0.080318,51.520678,On or near Primrose Street,E01032739,City of London 001F,Theft from the person,Investigation complete; no suspect identified,
deb88d2b1945a101873d224cbaf69ad3110c62a437e3a96e641265bdc2dceb7c,2021-05,City of London Police,City of London Police,-0.083755,51.514358,On or near Threadneedle Street,E01032739,City of London 001F,Theft from the person,Investigation complete; no suspect identified,
a53c9a150d420cd0832e1236ef15e8c65662d7347bfe097906e6a36d05218412,2021-05,City of London Police,City of London Police,-0.082628,51.518189,On or near Sun Street Passage,E01032739,City of London 001F,Theft from the person,Status update unavailable,
9d4ae86433b292607bdbd1dc8b80c1d8d4812f47c6598f298f4179b62b420be2,2021-05,City of London Police,City of London Police,-0.084251,51.520059,On or near Sun Street,E01032739,City of London 001F,Theft from the person,Investigation complete; no suspect identified,
9aff7fed5d3ebab5f7e18cfcaad0f36c82afb219e1bf86d32ec08bad8fa5db71,2021-05,City of London Police,City of London Police,-0.096363,51.513377,On or near New Change,E01032739,City of London 001F,Theft from the person,Investigation complete; no suspect identified,
6ab31b7c7a405f8d3ca868762eb637d82a8e3a90396619e2c2e4c0661244c19f,2021-05,City of London Police,City of London Police,-0.094720,51.514420,On or near Wood Street,E01032739,City of London 001F,Theft from the person,Status update unavailable,
dcfd11a95243ae3c27fee895ded51769b7cdddf7d32a26485e2752ed8db39a17,2021-05,City of London Police,City of London Police,-0.094628,51.514203,On or near Cheapside,E01032739,City of London 001F,Theft from the person,Investigation complete; no suspect identified,
30bd044991859e46282a2d674b8292f080dd18699faca2fcb294801fe83d6fcb,2021-05,City of London Police,City of London Police,-0.096363,51.513377,On or near New Change,E01032739,City of London 001F,Theft from the person,Investigation complete; no suspect identified,
75c5140cd6e9d27af73ba36fbb09b40672c8ca2694f38c7426fac99e3a0d8484,2021-05,City of London Police,City of London Police,-0.092077,51.512147,On or near Tower Royal,E01032739,City of London 001F,Theft from the person,Status update unavailable,
3920d1a54774c1b5960b3d6b3d45f0633aecb6028220e52f6b9b9f05e85d4d37,2021-05,City of London Police,City of London Police,-0.089364,51.515331,On or near King'S Arms Yard,E01032739,City of London 001F,Theft from the person,Investigation complete; no suspect identified,
e888a107dac75184c8418d6c0d1bf66c0cc5726592ca59dcf92b6fe77b9176c7,2021-05,City of London Police,City of London Police,-0.101452,51.512650,On or near St Andrew'S Hill,E01032739,City of London 001F,Theft from the person,Status update unavailable,
dd695804d3da59dde391f9ff8e87bf0b45c83d63ecadadec5f1466de3c4154c5,2021-05,City of London Police,City of London Police,-0.081580,51.520510,On or near Pindar Street,E01032739,City of London 001F,Theft from the person,Investigation complete; no suspect identified,
9a9a42daf4f4fa0247fb167ff8def454cfa6409f0e8663cc5d00750336950199,2021-05,City of London Police,City of London Police,-0.087760,51.517149,On or near London Wall,E01032739,City of London 001F,Theft from the person,Investigation complete; no suspect identified,
5d857409f65fda7a306aaf9cf6560673a878da78788ee2ba32959904a6443702,2021-05,City of London Police,City of London Police,-0.092077,51.512147,On or near Tower Royal,E01032739,City of London 001F,Theft from the person,Investigation complete; no suspect identified,
6a931d4540e57f6c66d5429ff678d1f0d46c947b745e431894a501fdf96cd714,2021-05,City of London Police,City of London Police,-0.077694,51.513171,On or near Aldgate,E01032739,City of London 001F,Theft from the person,Investigation complete; no suspect identified,
994dafa268e36152390997a4b9dbb9714dcd1a13d39e48c56f88cfc798ed2917,2021-05,City of London Police,City of London Police,-0.079875,51.510995,On or near Hart Street,E01032739,City of London 001F,Vehicle crime,Investigation complete; no suspect identified,
3bb048f142a37e3666dbb8b14b061f60398f7a0db4094770d56679178fe863bc,2021-05,City of London Police,City of London Police,-0.079786,51.517576,On or near Police Station,E01032739,City of London 001F,Violence and sexual offences,Awaiting court outcome,
77a9f6f9b834f3b50a0c03b77a641fdaa06a684af514963227bb1b99e5ef1765,2021-05,City of London Police,City of London Police,-0.080376,51.517244,On or near Supermarket,E01032739,City of London 001F,Violence and sexual offences,Status update unavailable,
bc59cf4d376015a4daee259e67a4910f62b68af7f895760a3930dcabfe712cf5,2021-05,City of London Police,City of London Police,-0.084701,51.509320,On or near Lower Thames Street,E01032739,City of London 001F,Violence and sexual offences,Action to be taken by another organisation,
f63bfaefd654f91c6b2d372959260a7cf3ded1d03756b4808b24b2cb2c499e41,2021-05,City of London Police,City of London Police,-0.094628,51.514203,On or near Cheapside,E01032739,City of London 001F,Violence and sexual offences,Status update unavailable,
bb26e5eba21dd3099bf8e2a09caeecf75b51e89bcadf42184df408f8c588321a,2021-05,City of London Police,City of London Police,-0.087780,51.508066,On or near Borough High Street,E01032739,City of London 001F,Violence and sexual offences,Awaiting court outcome,
1230e0a9467f3f3d8a1ac9eeed624c06fad33fb4c809ee768c1714fdeeef4b5b,2021-05,City of London Police,City of London Police,-0.081091,51.516014,On or near Camomile Street,E01032739,City of London 001F,Violence and sexual offences,Unable to prosecute suspect,
7b7fcf06f51bdccca51be0312c418be790c3f82b6ea3fe18603fa4fb4d1854a4,2021-05,City of London Police,City of London Police,-0.086624,51.511923,On or near Clement'S Lane,E01032739,City of London 001F,Violence and sexual offences,Status update unavailable,
2fc74c63a5bf0a18d9995e2456c2a8ce2884bbfda2a46fdd3c248829a2b57931,2021-05,City of London Police,City of London Police,-0.088995,51.512088,On or near St Swithin'S Lane,E01032739,City of London 001F,Violence and sexual offences,Unable to prosecute suspect,
217379e749793813011ee62c9c59a5bdb1a2789022b04fd6ce46b280369c4d46,2021-05,City of London Police,City of London Police,-0.088995,51.512088,On or near St Swithin'S Lane,E01032739,City of London 001F,Violence and sexual offences,Unable to prosecute suspect,
b864707cb8f65b687cdb2702bd38c6376b5c487d9017faa4fc55923d1c8c69e6,2021-05,City of London Police,City of London Police,-0.094720,51.514420,On or near Wood Street,E01032739,City of London 001F,Violence and sexual offences,Investigation complete; no suspect identified,
9e99f015da1572891fe4c61a3c6867e77a49f895b229327665185a9c6a1c7faf,2021-05,City of London Police,City of London Police,-0.082458,51.517431,On or near Liverpool Street,E01032739,City of London 001F,Violence and sexual offences,Unable to prosecute suspect,
a8f620f0a7770b051c540ce611eef3e2bf47c1b369c955af6196b7943a3f9ac6,2021-05,City of London Police,City of London Police,-0.092865,51.510182,On or near Parking Area,E01032739,City of London 001F,Violence and sexual offences,Unable to prosecute suspect,
58022b396ede277358673261c054552a9a7b291e709a8ea7ea938cbb3ba3fa2c,2021-05,City of London Police,City of London Police,-0.079786,51.517576,On or near Police Station,E01032739,City of London 001F,Violence and sexual offences,Status update unavailable,
93501b5fbf4a13cd69c48b3f75282fd7a48c42995627230128c31d285ba5aaea,2021-05,City of London Police,City of London Police,-0.082965,51.516351,On or near Wormwood Street,E01032739,City of London 001F,Violence and sexual offences,Investigation complete; no suspect identified,
855364753882575ff4bbe88f2b82a19c59e128b38e94ca2746c15a65a73a35f5,2021-05,City of London Police,City of London Police,-0.094628,51.514203,On or near Cheapside,E01032739,City of London 001F,Violence and sexual offences,Investigation complete; no suspect identified,
0602f194ebd05d8371d5c6b1a4f4548d4db757c130b8e8dac60fdc0d90360f59,2021-05,City of London Police,City of London Police,-0.083296,51.517058,On or near Old Broad Street,E01032739,City of London 001F,Violence and sexual offences,Investigation complete; no suspect identified,
74931cd9d123ce613b2dd2836607873eb7db9b80c53bc576f8763ffe92be92e2,2021-05,City of London Police,City of London Police,-0.081620,51.516814,On or near Alderman'S Walk,E01032739,City of London 001F,Violence and sexual offences,Offender given a caution,
435c9b30ce848651ff0aa06ebf5b4ea9dc756ba394ba3e10e900b2399c256833,2021-05,City of London Police,City of London Police,-0.095015,51.513220,On or near Watling Street,E01032739,City of London 001F,Violence and sexual offences,Formal action is not in the public interest,
d553b67f3bc7a2b4874d4da2374275daae55f9f1fdca3ae6885fdd4fc6191ce3,2021-05,City of London Police,City of London Police,-0.089451,51.517032,On or near Bus/Coach Station,E01032739,City of London 001F,Violence and sexual offences,Unable to prosecute suspect,
1fe2fb2589382a523b27cda7459a5c2e5caa7f1079d1063579d485bbf2ee6da4,2021-05,City of London Police,City of London Police,-0.087780,51.508066,On or near Borough High Street,E01032739,City of London 001F,Violence and sexual offences,Awaiting court outcome,
12940c0c8da662fde5be38d677745853d438737677a4d3e499526c163dc533d6,2021-05,City of London Police,City of London Police,-0.087780,51.508066,On or near Borough High Street,E01032739,City of London 001F,Violence and sexual offences,Awaiting court outcome,
319e1f9ec79d4a44909fab4d436c3dc255dee757875cdc6c82842eeaaf6c1ef7,2021-05,City of London Police,City of London Police,-0.085173,51.518680,On or near Finsbury Avenue,E01032739,City of London 001F,Violence and sexual offences,Investigation complete; no suspect identified,
63f2e6c1762ca58e43deb7ac80bb05782c5e2e192eeb10740ef8096db07d534f,2021-05,City of London Police,City of London Police,-0.087780,51.508066,On or near Borough High Street,E01032739,City of London 001F,Violence and sexual offences,Awaiting court outcome,
9684d734a71099ed0d4e234cb23f4b94ab61b3c7afc100d695516422b3994fc9,2021-05,City of London Police,City of London Police,-0.094720,51.514420,On or near Wood Street,E01032739,City of London 001F,Violence and sexual offences,Local resolution,
de614685442d586236b489f031013bb38de2b8bc1098833ebf6b3e101fb66e97,2021-05,City of London Police,City of London Police,-0.087780,51.508066,On or near Borough High Street,E01032739,City of London 001F,Violence and sexual offences,Unable to prosecute suspect,
1457636934d1e747dc76286cb45d1b9150f82bb3d6083a31f12c134645c80fdc,2021-05,City of London Police,City of London Police,-0.081620,51.516814,On or near Alderman'S Walk,E01032739,City of London 001F,Violence and sexual offences,Unable to prosecute suspect,
4a037d82aa11264839648941ee4da3ef4de77695dc69cfd51add993a18598423,2021-05,City of London Police,City of London Police,-0.081620,51.516814,On or near Alderman'S Walk,E01032739,City of London 001F,Violence and sexual offences,Offender given a caution,
7a9c769bc14419c52565d9bfd370cf2714d63ca949c508d7e33434edae91c31b,2021-05,City of London Police,City of London Police,-0.084768,51.512882,On or near Corbet Court,E01032739,City of London 001F,Violence and sexual offences,Status update unavailable,
c9c6c9c52172d8a733d37d2b5b0f58d4d2cab19d8d37dfc3d9be4c65703edad0,2021-05,City of London Police,City of London Police,-0.104001,51.513051,On or near Apothecary Street,E01032739,City of London 001F,Violence and sexual offences,Unable to prosecute suspect,
459662319006d9ed070c7477722d21d33eae4427aeefb0ce10fcbd6f66dc458f,2021-05,City of London Police,City of London Police,-0.091506,51.513037,On or near Sise Lane,E01032739,City of London 001F,Other crime,Investigation complete; no suspect identified,
1c89f47b940dfcfca93498bc1e60fbb7c3c2bfebbed1aa595392162301630a78,2021-05,City of London Police,City of London Police,-0.084095,51.516900,On or near New Broad Street,E01032739,City of London 001F,Other crime,Investigation complete; no suspect identified,
5f71e634823435da68cec251c14a1a2710420fc976b9a0c0b829a43b5dce3584,2021-05,City of London Police,City of London Police,-0.084967,51.512598,On or near Bell Inn Yard,E01032739,City of London 001F,Other crime,Awaiting court outcome,
,2021-05,City of London Police,City of London Police,-0.102794,51.515037,On or near Parking Area,E01032740,City of London 001G,Anti-social behaviour,,
,2021-05,City of London Police,City of London Police,-0.104281,51.516032,On or near Bear Alley,E01032740,City of London 001G,Anti-social behaviour,,
,2021-05,City of London Police,City of London Police,-0.098148,51.517938,On or near Albion Way,E01032740,City of London 001G,Anti-social behaviour,,
,2021-05,City of London Police,City of London Police,-0.099818,51.519017,On or near Cloth Fair,E01032740,City of London 001G,Anti-social behaviour,,
,2021-05,City of London Police,City of London Police,-0.101345,51.518709,On or near Parking Area,E01032740,City of London 001G,Anti-social behaviour,,
,2021-05,City of London Police,City of London Police,-0.104621,51.512692,On or near Supermarket,E01032740,City of London 001G,Anti-social behaviour,,
,2021-05,City of London Police,City of London Police,-0.106680,51.515882,On or near Parking Area,E01032740,City of London 001G,Anti-social behaviour,,
,2021-05,City of London Police,City of London Police,-0.108018,51.511749,On or near Temple Avenue,E01032740,City of London 001G,Anti-social behaviour,,
,2021-05,City of London Police,City of London Police,-0.104621,51.512692,On or near Supermarket,E01032740,City of London 001G,Anti-social behaviour,,
,2021-05,City of London Police,City of London Police,-0.108453,51.515173,On or near Pemberton Row,E01032740,City of London 001G,Anti-social behaviour,,
,2021-05,City of London Police,City of London Police,-0.106680,51.515882,On or near Parking Area,E01032740,City of London 001G,Anti-social behaviour,,
,2021-05,City of London Police,City of London Police,-0.108453,51.515173,On or near Pemberton Row,E01032740,City of London 001G,Anti-social behaviour,,
3b759911e100d3335ce70da54998fd1205337cd0c80b51db4d51e75ca78b8879,2021-05,City of London Police,City of London Police,-0.108965,51.516386,On or near Plough Place,E01032740,City of London 001G,Bicycle theft,Investigation complete; no suspect identified,
79b24a152d3e5a16a385d7fe55abde8004eab474a169346b5ae7e217df1931f9,2021-05,City of London Police,City of London Police,-0.100884,51.516966,On or near Hospital,E01032740,City of London 001G,Burglary,Investigation complete; no suspect identified,
7d6e7e3ae32857a205b43f53d1f54868361a74e36a54129f3409cbd0e96986fb,2021-05,City of London Police,City of London Police,-0.105157,51.513330,On or near Theatre/Concert Hall,E01032740,City of London 001G,Other theft,Status update unavailable,
d5b4356d42855647aa8ffa2226a8bf181c529be2320ef4b40dade0ed1f43dbbb,2021-05,City of London Police,City of London Police,-0.112519,51.517568,On or near Southampton Buildings,E01032740,City of London 001G,Other theft,Investigation complete; no suspect identified,
26292227e45045982e2dc7e716332da0d0f20b082074999f8fdbafc83541eb26,2021-05,City of London Police,City of London Police,-0.098148,51.517938,On or near Albion Way,E01032740,City of London 001G,Other theft,Investigation complete; no suspect identified,
b0a4cc7b9eb7c521a114b7aa2632f8a0e98e6d5e9bdffc6311e15eed4b2ef663,2021-05,City of London Police,City of London Police,-0.104281,51.516032,On or near Bear Alley,E01032740,City of London 001G,Other theft,Investigation complete; no suspect identified,
71acf0a85432a7a495f0cba788f9eac8a87c0aac1e1188632583b540689ea3d9,2021-05,City of London Police,City of London Police,-0.104973,51.512887,On or near Bridewell Place,E01032740,City of London 001G,Other theft,Investigation complete; no suspect identified,
739c4ef8ebddf700f5f2cc9572ea3cbfd4a3e95552904911613afe2703220686,2021-05,City of London Police,City of London Police,-0.098886,51.519254,On or near Kinghorn Street,E01032740,City of London 001G,Other theft,Investigation complete; no suspect identified,
349241d02ac570ebbd9049a421e020180b6cd4216c19d899b6221925578bc4aa,2021-05,City of London Police,City of London Police,-0.105900,51.516966,On or near Plumtree Court,E01032740,City of London 001G,Other theft,Status update unavailable,
877e6c80166db5532fa671b111ae7fe3f78d8970592720a063ebfb0c4db03ff2,2021-05,City of London Police,City of London Police,-0.104252,51.516733,On or near Supermarket,E01032740,City of London 001G,Other theft,Investigation complete; no suspect identified,
55f197d35bfbc66fc5157c1ce4be8ac08ba0f887c26c4ca0a7a36901168c3010,2021-05,City of London Police,City of London Police,-0.104973,51.512887,On or near Bridewell Place,E01032740,City of London 001G,Other theft,Investigation complete; no suspect identified,
c98907f811fe8c5dc580a4dcf218edc6c080bfd213890c412663c6d93d7485b0,2021-05,City of London Police,City of London Police,-0.106922,51.514204,On or near Fleet Street,E01032740,City of London 001G,Public order,Unable to prosecute suspect,
9a9147cc16a8efb3d23d021b9b8a6b8ff317462a3081633f1cc0a86ccf45820a,2021-05,City of London Police,City of London Police,-0.108175,51.512830,On or near Parking Area,E01032740,City of London 001G,Public order,Status update unavailable,
691633d351e5309dd515411b27f36bf42e08b64991eddc3aa3d88fe5988561e5,2021-05,City of London Police,City of London Police,-0.102721,51.515404,On or near St Georges'S Court,E01032740,City of London 001G,Public order,Status update unavailable,
caefbdc3f445c47c19f8b4bf6edbe3dc942cacf809cadcc3455763442a5bb1b2,2021-05,City of London Police,City of London Police,-0.098148,51.517938,On or near Albion Way,E01032740,City of London 001G,Public order,Status update unavailable,
590790a8c2a0839a9a352e40125a4c81cf4ae24a435c998bd42789075f36ca14,2021-05,City of London Police,City of London Police,-0.106680,51.515882,On or near Parking Area,E01032740,City of London 001G,Public order,Formal action is not in the public interest,
af7908b7b0b72667bfd896b908ffc129b2945672c2e782ae6030d4de5c5a7bd8,2021-05,City of London Police,City of London Police,-0.099848,51.519350,On or near Long Lane,E01032740,City of London 001G,Robbery,Investigation complete; no suspect identified,
ba7e40785cb326823df4a9f9833f94d25b147982599aa51bc56492eb5dcad0e0,2021-05,City of London Police,City of London Police,-0.108283,51.517526,On or near Supermarket,E01032740,City of London 001G,Shoplifting,Unable to prosecute suspect,
606932a867dc79d9e2f0198c54c09ce2c39c20634e70a893bf708ed4d9456d7b,2021-05,City of London Police,City of London Police,-0.104621,51.512692,On or near Supermarket,E01032740,City of London 001G,Shoplifting,Formal action is not in the public interest,
26072cb409e329181b4bad6bffbcd116d35ae085d621d9281f33fd09911f5d76,2021-05,City of London Police,City of London Police,-0.109647,51.514887,On or near Fetter Lane,E01032740,City of London 001G,Shoplifting,Investigation complete; no suspect identified,
2305ae78f30040ad41ccab5c483a7e033be39df303cd9f7d036658567794c949,2021-05,City of London Police,City of London Police,-0.104621,51.512692,On or near Supermarket,E01032740,City of London 001G,Shoplifting,Unable to prosecute suspect,
974223b7f7e03208725862296d696ebb513c76c1b57c6b1b0130d8ecb3446f35,2021-05,City of London Police,City of London Police,-0.109647,51.514887,On or near Fetter Lane,E01032740,City of London 001G,Shoplifting,Investigation complete; no suspect identified,
de58217662740dbcdacd80ca44c65ee0423d67154bf65e1fbe8a2c96160ecec6,2021-05,City of London Police,City of London Police,-0.105134,51.513869,On or near Bride Lane,E01032740,City of London 001G,Shoplifting,Investigation complete; no suspect identified,
ac8adecee66e4cea4538c91e58f7e1ecceace3608ae14f4a7630bb63f6d2b918,2021-05,City of London Police,City of London Police,-0.102502,51.516165,On or near Green Arbour Court,E01032740,City of London 001G,Theft from the person,Investigation complete; no suspect identified,
b3ed57eae8bc3c5c10d7d33bfbdd71cd28f1bf84fed30707b745c49b10e0124d,2021-05,City of London Police,City of London Police,-0.105900,51.516966,On or near Plumtree Court,E01032740,City of London 001G,Theft from the person,Status update unavailable,
10f3ac64d199a42675c98865ac3894cef96a0f1740d906695f83c8072bafb6b1,2021-05,City of London Police,City of London Police,-0.102930,51.518375,On or near West Smithfield,E01032740,City of London 001G,Theft from the person,Investigation complete; no suspect identified,
bc0777908d4400676fc99461068bedc6173cd2d757f448742ba05f0302fe3da1,2021-05,City of London Police,City of London Police,-0.105900,51.516966,On or near Plumtree Court,E01032740,City of London 001G,Theft from the person,Investigation complete; no suspect identified,
6f210cbce5cc257dfe97192216fdd1c53f6f880f807a871018f92491c19c6baf,2021-05,City of London Police,City of London Police,-0.111181,51.516476,On or near Cursitor Street,E01032740,City of London 001G,Theft from the person,Investigation complete; no suspect identified,
f1efc4e05442d173cb546a8d29fdd5215ceef869828f3744c3c1a22459c61c55,2021-05,City of London Police,City of London Police,-0.104887,51.516347,On or near Farringdon Street,E01032740,City of London 001G,Theft from the person,Investigation complete; no suspect identified,
d0d3d7f74b138823493e340cc777b47f6f4aa5d40906d04e8a41913b8278da8b,2021-05,City of London Police,City of London Police,-0.104887,51.516347,On or near Farringdon Street,E01032740,City of London 001G,Theft from the person,Investigation complete; no suspect identified,
c2a18ad82fe1f2143b3e9e6d4c2fe6222ecd1a368b5d9269f02c3ed8aa391ffa,2021-05,City of London Police,City of London Police,-0.108965,51.516386,On or near Plough Place,E01032740,City of London 001G,Theft from the person,Status update unavailable,
c8bdf828d703573d5c2c84885fb9665650df528686390a320899acf7a8235a00,2021-05,City of London Police,City of London Police,-0.108283,51.517526,On or near Supermarket,E01032740,City of London 001G,Theft from the person,Investigation complete; no suspect identified,
540fd72acb56df08ca1094af97e5af978270594c105e664b17544823874f6ed9,2021-05,City of London Police,City of London Police,-0.101345,51.518709,On or near Parking Area,E01032740,City of London 001G,Theft from the person,Investigation complete; no suspect identified,
92b8af7a9e4d7db6dbc0b010d508518e9974f31172da386f3791ee33cc9aacfc,2021-05,City of London Police,City of London Police,-0.108231,51.513928,On or near Pleydell Street,E01032740,City of London 001G,Theft from the person,Investigation complete; no suspect identified,
9abdacba010628b267066a7d0fed628de5ea1163718411eba003790c816d37d6,2021-05,City of London Police,City of London Police,-0.104887,51.516347,On or near Farringdon Street,E01032740,City of London 001G,Theft from the person,Investigation complete; no suspect identified,
84f25518f43199c687c7e598a246cd5d1a02c9f28ea323a824d219e46609177d,2021-05,City of London Police,City of London Police,-0.101345,51.518709,On or near Parking Area,E01032740,City of London 001G,Vehicle crime,Investigation complete; no suspect identified,
70a0bb28ab975432e1b9c9a7335a6bc18a8bc11db2e1a6eaf4484c00b931cfd4,2021-05,City of London Police,City of London Police,-0.104887,51.516347,On or near Farringdon Street,E01032740,City of London 001G,Vehicle crime,Investigation complete; no suspect identified,
8caacf09e57422babc2ed44874ad02653b875192536e9997c2b6955a1758caa7,2021-05,City of London Police,City of London Police,-0.107793,51.515450,On or near East Harding Street,E01032740,City of London 001G,Violence and sexual offences,Unable to prosecute suspect,
61008b597c4023e85805b9c4067b0ae5ec32e7e17f259a44b9c3abfbdd662efd,2021-05,City of London Police,City of London Police,-0.108418,51.513581,On or near Lombard Lane,E01032740,City of London 001G,Violence and sexual offences,Unable to prosecute suspect,
bbeca111837613c0ffcff5a96f58d3badbdf2d37504a6ceec5a07b920aa8a1ad,2021-05,City of London Police,City of London Police,-0.104300,51.511761,On or near Pedestrian Subway,E01032740,City of London 001G,Violence and sexual offences,Investigation complete; no suspect identified,
4a068cbb8c208bf641af029c23fbd55765f2249ca5fd05f9225c06ca78d8ebb4,2021-05,City of London Police,City of London Police,-0.112519,51.517568,On or near Southampton Buildings,E01032740,City of London 001G,Violence and sexual offences,Status update unavailable,
4f6bfb84a739cf571888d0a12983cdcc42cd2e7f834855e88b66dc3d4bc36ce5,2021-05,City of London Police,City of London Police,-0.104621,51.512692,On or near Supermarket,E01032740,City of London 001G,Violence and sexual offences,Unable to prosecute suspect,
00d59017dc3c6074c257a18f6de6160dd55a787396885dc7e578ca2a2215fd08,2021-05,City of London Police,City of London Police,-0.077259,51.527615,On or near Printing House Yard,E01033706,Hackney 027F,Robbery,Status update unavailable,
620f586dfbce8d177619635c5f34285c7d4a434b08959fa88b0878353b9cc631,2021-05,City of London Police,City of London Police,-0.107382,51.522233,On or near Clerkenwell Road,E01002724,Islington 022D,Drugs,Status update unavailable,
8467110a5f8f310c42e88188ff49537e431da2adfb2c60fb34bcfc0e7dd3972a,2021-05,City of London Police,City of London Police,-0.103597,51.519312,On or near Nightclub,E01002724,Islington 022D,Public order,Formal action is not in the public interest,
c25c63c859e1610155ca99720373839661133028d652749305fa52e8b6c43ce6,2021-05,City of London Police,City of London Police,-0.089858,51.520744,On or near Chiswell Street,E01002704,Islington 023D,Theft from the person,Investigation complete; no suspect identified,
846867ad439f484643bb6743a32a208fb8a4b8b385c86de46ec47e0bdec1a7a0,2021-05,City of London Police,City of London Police,-0.086858,51.521127,On or near Parking Area,E01002704,Islington 023D,Theft from the person,Status update unavailable,
cd608d9905a48efac16f28f5ca5a18ffdb52b4f6fb78a0cac1e4ba347e67b777,2021-05,City of London Police,City of London Police,-0.091732,51.521080,On or near Nightclub,E01002704,Islington 023D,Theft from the person,Investigation complete; no suspect identified,
579b9005d47c3d5f42fd63a13e4e1464c16c6bd6c38780948d2db5ab391ebdae,2021-05,City of London Police,City of London Police,-0.086655,51.519783,On or near Lackington Street,E01002704,Islington 023D,Theft from the person,Investigation complete; no suspect identified,
dd688cd816abefe4e0569636f0d8c90da08cd2a52a3fb9a0079bf1f5b8e3d544,2021-05,City of London Police,City of London Police,-0.094959,51.522868,On or near Golden Lane,E01002706,Islington 023E,Criminal damage and arson,Investigation complete; no suspect identified,
3172b6c5f5754147ac91d8d627afa306a6676b92aae9ef6b5920db3d35d5be5c,2021-05,City of London Police,City of London Police,-0.104503,51.508257,On or near A201,E01003934,Southwark 002C,Drugs,Offender given a drugs possession warning,
98ae07da02303351960099700319ce0cbae86f86a9b2de61f41776e55a60183d,2021-05,City of London Police,City of London Police,-0.104503,51.508257,On or near A201,E01003934,Southwark 002C,Drugs,Offender given a drugs possession warning,
342f253edac20c722f15c383f7badef30fbb6162a923719bdacf9e75fbbd3ea6,2021-05,City of London Police,City of London Police,-0.073233,51.525993,On or near Swanfield Street,E01004316,Tower Hamlets 009C,Drugs,Awaiting court outcome,
1cac8568fd27d96974ba147ab368e7748620335c4bde60479759a5f74e9e4f70,2021-05,City of London Police,City of London Police,-0.075991,51.518017,On or near Tenter Ground,E01004307,Tower Hamlets 015B,Bicycle theft,Unable to prosecute suspect,
f22bdf0ca536f9af5c4f361f6683bec5ad3bb253037856ddd4baa36bba494a9a,2021-05,City of London Police,City of London Police,-0.079080,51.519615,On or near Bishopsgate,E01004307,Tower Hamlets 015B,Other theft,Investigation complete; no suspect identified,
78d5070d716ef5c8dfe076730f4a51acf8adcd5fde89423b79ecb10f0781ca80,2021-05,City of London Police,City of London Police,-0.078591,51.520290,On or near Spital Yard,E01004307,Tower Hamlets 015B,Theft from the person,Investigation complete; no suspect identified,
2b3ab4291895b6b02347ccfc5c8a52813a111e707466db6934c24415ad80e95b,2021-05,City of London Police,City of London Police,-0.075991,51.518017,On or near Tenter Ground,E01004307,Tower Hamlets 015B,Violence and sexual offences,Unable to prosecute suspect,
a10f2a7116aa06ce09b38e3f9853ba4b15ca5fc56455b122f2add920ed7b002f,2021-05,City of London Police,City of London Police,-0.064838,51.514201,On or near Batty Street,E01004321,Tower Hamlets 021C,Drugs,Status update unavailable,
bd6e439b490f9202a1c66fd93c3351ea5260208ef03591304ec50ebd893a3c1c,2021-05,City of London Police,City of London Police,-0.070056,51.515546,On or near Further/Higher Educational Building,E01004325,Tower Hamlets 021D,Drugs,Awaiting court outcome,
03ec6c4d559c43de65144a3814eda0a5c7e4eb14706d297dc17c25b42c72b1bb,2021-05,City of London Police,City of London Police,-0.073849,51.514457,On or near Pedestrian Subway,E01032767,Tower Hamlets 021F,Drugs,Offender given a drugs possession warning,
25ba1f2b65fac7a682474181c4db0b876087b613f5f6edf801daf9fd4d875552,2021-05,City of London Police,City of London Police,-0.073849,51.514457,On or near Pedestrian Subway,E01032767,Tower Hamlets 021F,Drugs,Offender given a drugs possession warning,
f4678d0c15d2f0154b9378671d43c015f4fdcd906eaf60c58b8cb21e560c99e5,2021-05,City of London Police,City of London Police,-0.074901,51.506255,On or near A100,E01004293,Tower Hamlets 027B,Drugs,Offender given a drugs possession warning,
6226f3451b1658d5540c7475eca55a6e8cabec90fde5638839065f6ea5a786f7,2021-05,City of London Police,City of London Police,-0.073850,51.509313,On or near Mansell Street,E01004293,Tower Hamlets 027B,Drugs,Status update unavailable,
d4218383e51cc4818b98414508454aa258a6aa0c73f47771d593e71c53967fcc,2021-05,City of London Police,City of London Police,-0.074901,51.506255,On or near A100,E01004293,Tower Hamlets 027B,Drugs,Offender given penalty notice,
99afe56851b51e042fcdb147c4c9c1df1309600141aed2ad9838aa434a33161a,2021-05,City of London Police,City of London Police,-0.074901,51.506255,On or near A100,E01004293,Tower Hamlets 027B,Drugs,Status update unavailable,
554dc5822bee6a7ff773317c5445f53f92e919e633d895d7da6d87287eae81f0,2021-05,City of London Police,City of London Police,-0.079130,51.507808,On or near Ferry Terminal,E01004293,Tower Hamlets 027B,Drugs,Offender given a drugs possession warning,
b0ebb98dfc4495f6e8a3d7c8d94107f15deb2c965f6f7d655fc0b42026a472c4,2021-05,City of London Police,City of London Police,-0.074901,51.506255,On or near A100,E01004293,Tower Hamlets 027B,Drugs,Investigation complete; no suspect identified,
8edc0cbc99d0571a56328f3b656cd03409ed6e7a8c4617ff48b76312f8fc79a7,2021-05,City of London Police,City of London Police,-0.076031,51.509547,On or near Tower Hill,E01004293,Tower Hamlets 027B,Other theft,Status update unavailable,
56e04b4b989b53d1d37bda92bd7b01e90a3bc448daabc2fbf209750d3cdc2ddb,2021-05,City of London Police,City of London Police,-0.074901,51.506255,On or near A100,E01004293,Tower Hamlets 027B,Public order,Unable to prosecute suspect,
c37f2c5905fc00abb5f4c7e315c093d100ed96f60960d76b3d5fbb50048def54,2021-05,City of London Police,City of London Police,-0.076031,51.509547,On or near Tower Hill,E01004293,Tower Hamlets 027B,Public order,Status update unavailable,
49444018933c875363a7ba220955fc9ea7e075b1580f4815440ca1761d3728f7,2021-05,City of London Police,City of London Police,-0.073850,51.509313,On or near Mansell Street,E01004293,Tower Hamlets 027B,Other crime,Status update unavailable,
8775385651887313e779660c62da44ee6356dd28a5c35e084ee310ba7e0fc844,2021-05,City of London Police,City of London Police,-0.124673,51.509777,On or near Police Station,E01004734,Westminster 018A,Drugs,Awaiting court outcome,
,2021-05,City of London Police,City of London Police,,,No Location,,,Anti-social behaviour,,
,2021-05,City of London Police,City of London Police,,,No Location,,,Anti-social behaviour,,
,2021-05,City of London Police,City of London Police,,,No Location,,,Anti-social behaviour,,
,2021-05,City of London Police,City of London Police,,,No Location,,,Anti-social behaviour,,
,2021-05,City of London Police,City of London Police,,,No Location,,,Anti-social behaviour,,
,2021-05,City of London Police,City of London Police,,,No Location,,,Anti-social behaviour,,
,2021-05,City of London Police,City of London Police,,,No Location,,,Anti-social behaviour,,
,2021-05,City of London Police,City of London Police,,,No Location,,,Anti-social behaviour,,
,2021-05,City of London Police,City of London Police,,,No Location,,,Anti-social behaviour,,
39d2af70b3688e9afc2ad6b451a6f4aa01c04c5d6c72b949ee2e80ca14597fa0,2021-05,City of London Police,City of London Police,,,No Location,,,Bicycle theft,Investigation complete; no suspect identified,
1c5594994e8e3d0e296fa6d278c567e0507e2d3c45f56a241cfabd86c3a3cb20,2021-05,City of London Police,City of London Police,,,No Location,,,Bicycle theft,Investigation complete; no suspect identified,
ddf4ef646a723344931b7e30aeca594c9125fdfaa35690cf0b88a82199b9f0ef,2021-05,City of London Police,City of London Police,,,No Location,,,Criminal damage and arson,Investigation complete; no suspect identified,
7d7af7a2ae958210a216079700f2e6acdcb253e671488945f9de983dd5085fbb,2021-05,City of London Police,City of London Police,,,No Location,,,Criminal damage and arson,Investigation complete; no suspect identified,
5675d4ef7a6ec83bc8c5c92f55f90f162a2de4e7b1e51f2b5f27f7c3baee0e07,2021-05,City of London Police,City of London Police,,,No Location,,,Drugs,Awaiting court outcome,
0ca72349f55acc6910f06bc3d97cfd1ccfd91c7f342ca76395e7e8b5c8fb47bd,2021-05,City of London Police,City of London Police,,,No Location,,,Drugs,Status update unavailable,
44febe791c59990d5c3ee4b7c2365726491b6e7b094f26c048a0f3254b3955d6,2021-05,City of London Police,City of London Police,,,No Location,,,Drugs,Status update unavailable,
5fe45ba3cc39e2857fdc54c9e3ad2a8e3556ff6642c173d68676cf88f45c01a1,2021-05,City of London Police,City of London Police,,,No Location,,,Drugs,Awaiting court outcome,
0380c29704d731ddd4216b76cffcb64637a9e3ffb6d98ae12416d333cf2b2896,2021-05,City of London Police,City of London Police,,,No Location,,,Drugs,Status update unavailable,
123172f135dc7dc8d6cd92c86fb63a4c76caa407b411ea796777b0f222d77054,2021-05,City of London Police,City of London Police,,,No Location,,,Drugs,Status update unavailable,
02e104e20096d54f34fa09664af29a4e6c2c90fecf0e89851b16fb5882a9a9c3,2021-05,City of London Police,City of London Police,,,No Location,,,Drugs,Offender given a drugs possession warning,
53282721fd979d67c96491c5e39c6192a4fb5047db2bac93a502db271aefd9bf,2021-05,City of London Police,City of London Police,,,No Location,,,Drugs,Offender given a drugs possession warning,
8659834d3ca35df3c2bb870966c53defef6d49190e0c508dd20b525989a7319e,2021-05,City of London Police,City of London Police,,,No Location,,,Other theft,Investigation complete; no suspect identified,
d4a5496e70b3a327c50880b0e2c9bd8cb5ff6e7e8956e6610bd4dc3faea7f24c,2021-05,City of London Police,City of London Police,,,No Location,,,Other theft,Investigation complete; no suspect identified,
c10ae824b61e48cbda837d6cbcdf9f3c3ec528ed882fc6fa8b1ef8c8e671038f,2021-05,City of London Police,City of London Police,,,No Location,,,Public order,Status update unavailable,
3f35dcf0c09002dc481c220b9761ff8c0e6c69e4fc3396a5097961508d679547,2021-05,City of London Police,City of London Police,,,No Location,,,Public order,Status update unavailable,
e5edb082797768ea184d984cb81e1b24daf6a1cffc2dd5aa7d35a2f3ea8be970,2021-05,City of London Police,City of London Police,,,No Location,,,Public order,Unable to prosecute suspect,
53dcaaa91f2ad97c30391e0b35150c12a7aed41079084f9d33f9180869c70c71,2021-05,City of London Police,City of London Police,,,No Location,,,Shoplifting,Awaiting court outcome,
fb653f3abec1594556fd4ea4f49525884a57c4a251150d6ab75010830e9d14b1,2021-05,City of London Police,City of London Police,,,No Location,,,Shoplifting,Status update unavailable,
8d38c76023d451c0816b0d7a7ca6c99902cd7069229373b38ce748066c97cb3d,2021-05,City of London Police,City of London Police,,,No Location,,,Shoplifting,Status update unavailable,
e76024da205d3f65ae54e9e52f4bca43138cb4744a56e378bc462b30989e0043,2021-05,City of London Police,City of London Police,,,No Location,,,Theft from the person,Investigation complete; no suspect identified,
4139b912fac7d8da0f37fe1afadd3c78908507e39fd9918a44329b4e51df875b,2021-05,City of London Police,City of London Police,,,No Location,,,Theft from the person,Investigation complete; no suspect identified,
00fc39d1fe010604239f25527c18fd279908e7a7614d44688f7c5592f71789e9,2021-05,City of London Police,City of London Police,,,No Location,,,Violence and sexual offences,Unable to prosecute suspect,
ee1e3f01b0c6d5961e8cbdc38929b16e352372190cfa00862acaedf330660fbe,2021-05,City of London Police,City of London Police,,,No Location,,,Violence and sexual offences,Unable to prosecute suspect,
942701228e866857728dec12d77b3cde597d62624d94e9e9b648f0ade956d809,2021-05,City of London Police,City of London Police,,,No Location,,,Violence and sexual offences,Unable to prosecute suspect,
8a6c2594de58a57197e35aa3a2682f63d910ccf08d003272af37066ecd500ab5,2021-05,City of London Police,City of London Police,,,No Location,,,Violence and sexual offences,Status update unavailable,
42c826173234c21c708ad6a66a412e6702e7f90ba87d2d566a64720928d8a492,2021-05,City of London Police,City of London Police,,,No Location,,,Violence and sexual offences,Action to be taken by another organisation,
c37422fe15c533ccf1957d460ded8e1b6c3f171f95c7fea5d19f2d7ec2d75061,2021-05,City of London Police,City of London Police,,,No Location,,,Violence and sexual offences,Status update unavailable,
247597a450ce2a28737cc495279d969942aa9743cdce3700909fa6ba48b1c28c,2021-05,City of London Police,City of London Police,,,No Location,,,Violence and sexual offences,Investigation complete; no suspect identified,
8a14db94c1fa1fd53cb2f02e126d223545fa8c518e99290b83d9694667dde805,2021-05,City of London Police,City of London Police,,,No Location,,,Violence and sexual offences,Unable to prosecute suspect,
3659710db84ec6ed492841c995b745397d9e39223d825038f13e5d1e4340afeb,2021-05,City of London Police,City of London Police,,,No Location,,,Violence and sexual offences,Unable to prosecute suspect,
ff2ecb598db401bb493a5e360849856afd32c68eb2a51acb2880db9572dccfa5,2021-05,City of London Police,City of London Police,,,No Location,,,Violence and sexual offences,Status update unavailable,
5597dfce006f1755e2ff0fc157d88a9e7c358348dd23044e3b63cfd682ff9eb5,2021-05,City of London Police,City of London Police,,,No Location,,,Violence and sexual offences,Unable to prosecute suspect,
d2c9ea675f42e089e2c1d45e012054d42cf0fa5fac13848dda39636ef21f567b,2021-05,City of London Police,City of London Police,,,No Location,,,Other crime,Status update unavailable,
0432ef99f6034f72eb59b3089f77ed2cbc72675b97839779bc029903d1f10430,2021-05,City of London Police,City of London Police,,,No Location,,,Other crime,Status update unavailable,
f77f6d9c70d7ab9dd1f8f358909a0d16b9b99c52fb78fdbe69db0d198c24a536,2021-05,City of London Police,City of London Police,,,No Location,,,Other crime,Formal action is not in the public interest,
d964a7bf476d670291cf30b568b9c53e34a361b5901ed4d9373a76d840be755e,2021-05,City of London Police,City of London Police,,,No Location,,,Other crime,Status update unavailable,
5e1f65f7367673e7501e8fba3018473271f4e937796fdf50515932bd9b6391b1,2021-05,City of London Police,City of London Police,,,No Location,,,Other crime,Investigation complete; no suspect identified,
1b485d9241939a01e07fd62057c3eec4c127c8eec9a0ec2735eb42b0936f027d,2021-05,City of London Police,City of London Police,,,No Location,,,Other crime,Status update unavailable,
f8b5b85ad44b0dcfd52b3cf5d2f659f13cbd938d6cbaf2e9621d5e4bea1433e4,2021-05,City of London Police,City of London Police,,,No Location,,,Other crime,Action to be taken by another organisation,
